ID_Cliente,Edad,Ingreso_Anual_kUSD,Puntaje_Gasto,Frecuencia_Compra_Mes,Visitas_Web_Mes,Genero,Ciudad,Membresia
52,31.0,,92.0,8.0,42.0,Femenino,Guadalajara,Bronce
523,43.0,96.7,43.0,1.0,14.0,Femenino,Puebla,Bronce
180,29.0,25.6,63.0,8.0,36.0,Masculino,Guadalajara,Bronce
1174,32.0,35.7,20.0,2.0,30.0,Femenino,Puebla,Plata
938,56.0,63.8,58.0,4.0,8.0,Masculino,Monterrey,Bronce
1153,19.0,11.5,30.0,3.0,16.0,Masculino,Monterrey,Oro
206,27.0,43.9,97.0,10.0,42.0,Femenino,Guadalajara,Oro
1091,26.0,26.7,33.0,3.0,37.0,Femenino,CDMX,Plata
657,50.0,457.8,35.0,1.0,14.0,Femenino,Guadalajara,Oro
1115,29.0,35.0,16.0,1.0,34.0,Masculino,CDMX,Plata
35,31.0,43.4,96.0,9.0,40.0,Femenino,Monterrey,Bronce
736,51.0,,58.0,4.0,21.0,Masculino,Monterrey,Bronce
64,31.0,17.2,87.0,8.0,45.0,Femenino,Guadalajara,Plata
642,47.0,104.5,28.0,6.0,16.0,Femenino,Puebla,Oro
762,60.0,49.3,64.0,7.0,18.0,Femenino,Puebla,Bronce
928,48.0,80.0,45.0,4.0,26.0,Masculino,,Oro
455,43.0,97.1,41.0,5.0,25.0,Masculino,Monterrey,Bronce
356,28.0,20.4,80.0,9.0,39.0,Femenino,Guadalajara,Bronce
1074,18.0,34.3,17.0,4.0,30.0,Femenino,CDMX,Bronce
446,47.0,95.2,29.0,3.0,16.0,Masculino,CDMX,Plata
351,29.0,34.8,76.0,8.0,29.0,Femenino,Monterrey,Plata
173,24.0,29.6,74.0,7.0,42.0,Femenino,Monterrey,Plata
514,41.0,66.4,9.0,3.0,9.0,Masculino,Puebla,Plata
628,45.0,90.3,27.0,2.0,10.0,Femenino,Monterrey,Plata
221,26.0,8.0,80.0,9.0,61.0,Femenino,CDMX,Oro
791,45.0,,43.0,9.0,4.0,Masculino,Monterrey,Bronce
373,47.0,105.9,13.0,3.0,7.0,Masculino,Guadalajara,Plata
254,21.0,40.4,84.0,10.0,38.0,Masculino,Monterrey,Bronce
1039,25.0,9.5,21.0,3.0,30.0,Femenino,Puebla,Bronce
632,37.0,92.1,44.0,3.0,7.0,Masculino,CDMX,Plata
453,38.0,83.0,38.0,1.0,17.0,Masculino,Puebla,Oro
545,40.0,100.5,35.0,3.0,16.0,Masculino,Monterrey,Plata
526,48.0,104.5,21.0,0.0,13.0,Masculino,CDMX,Bronce
190,37.0,43.0,67.0,10.0,51.0,Femenino,Puebla,Bronce
102,35.0,25.0,92.0,11.0,49.0,Masculino,Monterrey,Plata
735,55.0,43.7,48.0,6.0,26.0,Femenino,Monterrey,Oro
335,27.0,25.1,64.0,12.0,51.0,Masculino,Monterrey,Oro
998,18.0,18.8,38.0,3.0,32.0,Masculino,Puebla,Plata
447,39.0,93.5,31.0,3.0,1.0,Masculino,Monterrey,Plata
171,23.0,30.7,70.0,11.0,44.0,Masculino,Puebla,Plata
633,33.0,93.6,25.0,3.0,9.0,Masculino,Puebla,Oro
370,51.0,97.5,25.0,3.0,16.0,Masculino,Puebla,Bronce
286,24.0,33.3,81.0,10.0,43.0,Femenino,Guadalajara,Plata
1034,18.0,27.5,17.0,3.0,24.0,Femenino,Puebla,Bronce
573,49.0,111.4,24.0,3.0,16.0,Femenino,Monterrey,Bronce
28,29.0,,83.0,7.0,31.0,Masculino,Guadalajara,Plata
427,44.0,128.8,26.0,0.0,12.0,Masculino,CDMX,Bronce
1200,18.0,,15.0,0.0,19.0,Masculino,Guadalajara,Bronce
279,34.0,,79.0,8.0,47.0,Femenino,Monterrey,Bronce
1111,29.0,19.3,10.0,1.0,43.0,Femenino,CDMX,Bronce
666,58.0,69.7,79.0,4.0,31.0,Masculino,Puebla,Oro
962,25.0,8.1,29.0,3.0,35.0,Femenino,CDMX,Plata
651,46.0,71.5,17.0,4.0,8.0,Femenino,CDMX,Bronce
681,45.0,,58.0,8.0,10.0,Femenino,Monterrey,Bronce
499,41.0,84.2,36.0,5.0,14.0,Masculino,Puebla,Plata
114,18.0,37.2,74.0,11.0,39.0,Masculino,Monterrey,Bronce
129,23.0,24.8,,14.0,48.0,Masculino,Puebla,Bronce
653,46.0,75.1,29.0,3.0,6.0,Masculino,Puebla,Bronce
674,56.0,54.4,42.0,5.0,12.0,Masculino,Puebla,Bronce
47,32.0,33.6,79.0,13.0,49.0,Femenino,Guadalajara,Bronce
1150,27.0,14.3,34.0,0.0,56.0,Masculino,Guadalajara,Plata
1189,27.0,26.9,27.0,1.0,31.0,Masculino,,Oro
397,46.0,98.0,20.0,1.0,11.0,Masculino,Guadalajara,Bronce
510,57.0,109.0,35.0,5.0,12.0,Femenino,Monterrey,Bronce
798,56.0,78.5,55.0,4.0,10.0,Femenino,CDMX,Bronce
456,42.0,72.7,52.0,4.0,1.0,Femenino,CDMX,Bronce
1134,18.0,12.8,15.0,5.0,30.0,Femenino,Guadalajara,Bronce
644,46.0,88.8,,4.0,20.0,Masculino,Monterrey,Plata
661,58.0,71.6,61.0,3.0,6.0,Masculino,Guadalajara,Plata
725,58.0,58.0,53.0,4.0,22.0,Masculino,Puebla,Oro
925,63.0,39.4,53.0,7.0,28.0,Masculino,CDMX,Bronce
621,36.0,113.8,20.0,0.0,11.0,Femenino,CDMX,Plata
221,26.0,8.0,80.0,9.0,61.0,Femenino,CDMX,Oro
409,43.0,90.6,38.0,3.0,17.0,Femenino,Puebla,Plata
922,56.0,68.6,42.0,5.0,41.0,Masculino,Guadalajara,Oro
285,20.0,31.0,78.0,8.0,51.0,Masculino,Monterrey,Plata
879,55.0,78.7,48.0,6.0,20.0,Masculino,CDMX,Oro
368,45.0,82.4,26.0,0.0,18.0,Masculino,Guadalajara,Bronce
1175,24.0,27.4,33.0,1.0,40.0,Femenino,Guadalajara,Bronce
431,50.0,84.8,25.0,5.0,17.0,Femenino,Guadalajara,Bronce
759,44.0,47.3,49.0,8.0,27.0,Masculino,CDMX,Plata
61,18.0,36.1,77.0,12.0,37.0,Masculino,Monterrey,Bronce
229,22.0,37.8,,3.0,44.0,Femenino,CDMX,Bronce
826,67.0,74.0,59.0,7.0,25.0,Masculino,Puebla,Oro
362,48.0,74.4,40.0,1.0,16.0,Masculino,CDMX,Bronce
650,48.0,94.5,11.0,6.0,2.0,Femenino,Monterrey,Bronce
542,42.0,95.2,40.0,5.0,0.0,Masculino,Puebla,Bronce
1179,18.0,8.0,32.0,0.0,26.0,Masculino,Monterrey,Bronce
1106,33.0,20.7,19.0,2.0,28.0,Masculino,CDMX,Oro
111,30.0,39.2,82.0,12.0,29.0,Masculino,Guadalajara,Plata
529,42.0,72.8,12.0,3.0,3.0,Masculino,Monterrey,Bronce
627,51.0,108.4,26.0,6.0,0.0,Femenino,Puebla,Bronce
464,44.0,102.3,35.0,1.0,18.0,Masculino,Puebla,Oro
1170,24.0,8.0,18.0,0.0,42.0,Femenino,Guadalajara,Bronce
290,26.0,30.3,82.0,11.0,42.0,Femenino,Monterrey,Bronce
10,22.0,45.1,67.0,8.0,37.0,Femenino,Monterrey,Bronce
817,56.0,57.6,64.0,7.0,11.0,Femenino,Puebla,Plata
54,25.0,44.0,92.0,12.0,33.0,Masculino,Monterrey,Oro
1016,29.0,15.0,14.0,2.0,,Femenino,Puebla,Bronce
768,65.0,67.2,60.0,9.0,28.0,Femenino,Puebla,Oro
398,43.0,105.2,33.0,3.0,9.0,Masculino,Monterrey,Plata
1126,23.0,15.2,18.0,0.0,22.0,Femenino,Puebla,Bronce
263,28.0,38.2,80.0,10.0,43.0,Femenino,Puebla,Bronce
41,31.0,32.8,90.0,10.0,46.0,Femenino,Puebla,Plata
110,18.0,23.5,51.0,9.0,45.0,Femenino,CDMX,Oro
610,38.0,104.0,54.0,5.0,11.0,Femenino,Guadalajara,Plata
846,61.0,45.4,55.0,4.0,12.0,Femenino,CDMX,Plata
1066,29.0,19.4,36.0,4.0,17.0,Femenino,Monterrey,Plata
1084,18.0,20.1,25.0,5.0,30.0,Femenino,Puebla,Oro
84,25.0,50.8,82.0,6.0,40.0,Femenino,Guadalajara,Plata
565,37.0,99.4,42.0,2.0,13.0,Masculino,CDMX,Bronce
867,54.0,50.0,31.0,4.0,21.0,Masculino,Puebla,Oro
408,38.0,106.2,25.0,2.0,,Masculino,Monterrey,Oro
99,29.0,39.0,81.0,10.0,35.0,Femenino,CDMX,Bronce
634,43.0,114.1,35.0,2.0,7.0,Femenino,CDMX,Oro
1098,18.0,34.7,,1.0,43.0,Femenino,CDMX,Bronce
375,46.0,100.9,41.0,3.0,18.0,Masculino,Puebla,Bronce
271,23.0,54.3,87.0,8.0,37.0,Masculino,Puebla,Plata
337,23.0,8.0,79.0,13.0,31.0,Femenino,Guadalajara,Plata
999,29.0,28.2,6.0,1.0,24.0,Femenino,CDMX,Bronce
152,21.0,31.4,68.0,7.0,31.0,Masculino,,Bronce
512,46.0,94.0,29.0,6.0,3.0,Masculino,Monterrey,Bronce
929,58.0,63.8,54.0,10.0,6.0,Masculino,Guadalajara,Plata
620,38.0,113.9,34.0,7.0,7.0,Femenino,CDMX,Bronce
1094,25.0,8.0,34.0,3.0,39.0,Masculino,Guadalajara,Oro
319,33.0,39.7,86.0,10.0,34.0,Masculino,CDMX,Oro
232,23.0,38.0,83.0,11.0,29.0,Femenino,CDMX,Oro
253,37.0,17.9,80.0,11.0,31.0,Masculino,Guadalajara,Plata
858,61.0,47.3,63.0,4.0,17.0,Femenino,Monterrey,Bronce
1122,26.0,12.3,12.0,6.0,44.0,Masculino,Guadalajara,Bronce
55,24.0,31.6,78.0,9.0,39.0,Femenino,Puebla,Plata
380,43.0,,7.0,1.0,0.0,Femenino,Monterrey,Oro
432,42.0,82.1,26.0,4.0,12.0,Masculino,Guadalajara,Bronce
142,21.0,45.7,64.0,12.0,41.0,Masculino,CDMX,Bronce
811,46.0,56.6,64.0,5.0,10.0,Masculino,CDMX,Oro
98,21.0,24.9,80.0,9.0,29.0,Masculino,Monterrey,Plata
757,50.0,51.6,,4.0,15.0,Femenino,Monterrey,Bronce
985,27.0,14.5,40.0,2.0,30.0,Femenino,Monterrey,Bronce
572,56.0,98.4,38.0,7.0,10.0,Masculino,CDMX,Oro
433,41.0,91.4,33.0,3.0,0.0,Masculino,Guadalajara,Oro
524,44.0,92.7,47.0,9.0,15.0,Femenino,Puebla,Plata
13,27.0,45.3,83.0,11.0,41.0,Masculino,Guadalajara,Bronce
686,57.0,84.3,64.0,6.0,9.0,Femenino,Guadalajara,Plata
818,49.0,44.7,62.0,4.0,19.0,Masculino,Monterrey,Bronce
147,23.0,64.0,65.0,10.0,23.0,Masculino,CDMX,Oro
680,60.0,56.8,59.0,4.0,4.0,Femenino,Monterrey,Bronce
1136,18.0,9.4,31.0,6.0,21.0,Masculino,Guadalajara,Bronce
14,34.0,45.1,,9.0,39.0,Femenino,,Bronce
618,34.0,98.9,20.0,3.0,23.0,Masculino,Guadalajara,Plata
552,48.0,108.7,52.0,4.0,3.0,Masculino,Puebla,Plata
889,46.0,62.8,53.0,5.0,21.0,Masculino,Monterrey,Plata
699,49.0,,56.0,5.0,9.0,Masculino,Puebla,Bronce
21,26.0,36.3,88.0,11.0,50.0,Masculino,Puebla,Bronce
896,47.0,63.4,49.0,7.0,18.0,Masculino,Monterrey,Bronce
352,32.0,,67.0,7.0,,Masculino,Puebla,Bronce
875,57.0,73.8,47.0,5.0,13.0,Femenino,Guadalajara,Plata
307,25.0,15.6,56.0,11.0,37.0,Femenino,Puebla,Bronce
825,58.0,59.2,57.0,1.0,,Femenino,Puebla,Bronce
400,40.0,110.1,29.0,6.0,9.0,Masculino,Guadalajara,Plata
205,18.0,45.8,76.0,9.0,30.0,Femenino,CDMX,Bronce
1172,18.0,35.1,1.0,2.0,31.0,Femenino,CDMX,Oro
678,51.0,51.6,48.0,6.0,17.0,Femenino,CDMX,Oro
1196,18.0,8.0,21.0,2.0,18.0,Masculino,Puebla,Bronce
18,21.0,11.0,,10.0,43.0,Masculino,Puebla,Oro
390,44.0,107.8,48.0,0.0,12.0,Femenino,Guadalajara,Plata
881,51.0,71.5,49.0,7.0,0.0,Femenino,CDMX,Bronce
504,32.0,106.3,38.0,4.0,12.0,Femenino,Monterrey,Bronce
535,37.0,96.5,29.0,3.0,16.0,Femenino,Monterrey,Oro
273,26.0,30.1,96.0,6.0,47.0,Femenino,Puebla,Plata
116,24.0,30.9,69.0,13.0,37.0,Femenino,Guadalajara,Bronce
208,20.0,27.2,82.0,9.0,51.0,Femenino,CDMX,Bronce
493,40.0,79.6,32.0,5.0,10.0,Femenino,CDMX,Plata
717,51.0,57.2,47.0,2.0,21.0,Femenino,,Bronce
993,18.0,41.0,30.0,3.0,26.0,Femenino,CDMX,Bronce
976,18.0,17.8,40.0,0.0,33.0,Femenino,CDMX,Bronce
141,29.0,51.4,68.0,9.0,52.0,Masculino,Guadalajara,Plata
887,57.0,368.6,65.0,5.0,15.0,Femenino,Guadalajara,Bronce
264,24.0,,85.0,8.0,23.0,Masculino,CDMX,Bronce
1160,18.0,15.8,15.0,3.0,40.0,Masculino,Monterrey,Plata
419,47.0,103.1,12.0,5.0,5.0,Femenino,Guadalajara,Bronce
566,52.0,89.1,21.0,3.0,7.0,Masculino,Guadalajara,Oro
485,45.0,81.8,,3.0,12.0,Masculino,Puebla,Bronce
1171,27.0,16.8,22.0,0.0,34.0,Femenino,Monterrey,Plata
557,47.0,125.9,42.0,5.0,0.0,Masculino,Puebla,Plata
748,52.0,65.1,59.0,4.0,30.0,Masculino,CDMX,Bronce
359,22.0,30.8,72.0,7.0,37.0,Femenino,Monterrey,Plata
109,32.0,48.3,90.0,10.0,46.0,Femenino,Puebla,Plata
672,59.0,50.8,79.0,6.0,17.0,Femenino,Puebla,Plata
1084,18.0,20.1,25.0,5.0,30.0,Femenino,Puebla,Oro
1113,22.0,21.9,14.0,2.0,35.0,Masculino,Puebla,Oro
100,22.0,34.7,67.0,10.0,54.0,Masculino,Monterrey,Bronce
217,30.0,51.0,66.0,6.0,45.0,Masculino,Guadalajara,Bronce
586,36.0,101.2,28.0,5.0,,Masculino,Monterrey,Bronce
386,49.0,97.3,41.0,2.0,10.0,Masculino,Monterrey,Plata
421,49.0,88.7,17.0,2.0,19.0,Femenino,CDMX,Bronce
413,43.0,84.8,35.0,0.0,3.0,Femenino,Monterrey,Bronce
707,57.0,77.1,68.0,5.0,0.0,Masculino,CDMX,Plata
942,67.0,76.9,56.0,5.0,28.0,Masculino,CDMX,Bronce
558,44.0,86.0,33.0,3.0,8.0,Femenino,Guadalajara,Oro
794,56.0,55.5,,7.0,9.0,Masculino,Monterrey,Plata
306,21.0,78.0,74.0,9.0,36.0,Femenino,,Plata
914,45.0,55.8,47.0,6.0,7.0,Masculino,Guadalajara,Plata
663,61.0,43.3,40.0,6.0,8.0,Femenino,Puebla,Plata
991,18.0,12.3,15.0,3.0,39.0,Femenino,Puebla,Plata
364,43.0,104.3,23.0,5.0,0.0,Femenino,Guadalajara,Bronce
24,26.0,20.0,59.0,10.0,46.0,Masculino,Puebla,Oro
1040,18.0,25.8,24.0,1.0,19.0,Masculino,Monterrey,Bronce
265,30.0,40.7,82.0,7.0,44.0,Femenino,Puebla,Oro
756,59.0,50.5,48.0,6.0,25.0,Masculino,Puebla,Bronce
1123,24.0,8.0,32.0,1.0,52.0,Masculino,CDMX,Plata
187,28.0,37.4,76.0,7.0,23.0,Masculino,Guadalajara,Bronce
563,48.0,61.8,29.0,5.0,8.0,Masculino,Guadalajara,Plata
863,59.0,57.4,47.0,4.0,3.0,Masculino,Guadalajara,Bronce
948,56.0,55.0,51.0,3.0,18.0,Masculino,Guadalajara,Bronce
124,35.0,42.0,77.0,9.0,33.0,Masculino,Monterrey,Plata
639,32.0,95.5,12.0,2.0,4.0,Masculino,Guadalajara,Oro
903,54.0,63.6,58.0,5.0,17.0,Femenino,Monterrey,Bronce
1051,25.0,8.0,33.0,4.0,38.0,Masculino,Guadalajara,Plata
769,58.0,58.3,47.0,6.0,9.0,Masculino,Guadalajara,Plata
587,48.0,68.4,44.0,5.0,3.0,Femenino,Guadalajara,Plata
1139,29.0,,31.0,1.0,32.0,Masculino,Guadalajara,Plata
1076,23.0,8.0,31.0,0.0,39.0,Femenino,CDMX,Bronce
148,26.0,40.2,74.0,8.0,50.0,Masculino,CDMX,Plata
934,55.0,45.5,48.0,7.0,23.0,Masculino,Puebla,Oro
494,53.0,114.0,31.0,1.0,5.0,Femenino,Guadalajara,Plata
225,28.0,43.6,81.0,8.0,52.0,Femenino,CDMX,Oro
832,53.0,43.9,53.0,4.0,14.0,Masculino,Monterrey,Plata
71,19.0,22.5,71.0,9.0,43.0,Masculino,Guadalajara,Plata
692,55.0,,63.0,6.0,20.0,Masculino,Guadalajara,Bronce
281,30.0,17.1,77.0,8.0,50.0,Masculino,Monterrey,Bronce
172,30.0,23.7,72.0,12.0,40.0,Femenino,Guadalajara,Oro
749,46.0,91.5,67.0,5.0,4.0,Masculino,Guadalajara,Oro
169,26.0,38.1,53.0,9.0,40.0,Masculino,CDMX,Plata
892,54.0,85.7,47.0,2.0,16.0,Masculino,Monterrey,Oro
284,30.0,37.1,84.0,11.0,57.0,Femenino,Guadalajara,Bronce
1053,18.0,18.2,24.0,1.0,35.0,Masculino,Monterrey,Plata
126,29.0,33.0,82.0,8.0,37.0,Masculino,Puebla,Bronce
1156,28.0,15.1,14.0,2.0,31.0,Masculino,Guadalajara,Bronce
1197,26.0,19.5,26.0,0.0,32.0,Femenino,CDMX,Bronce
165,32.0,,67.0,11.0,40.0,Masculino,Monterrey,Plata
1029,35.0,14.9,30.0,2.0,27.0,Masculino,Guadalajara,Bronce
1154,18.0,42.5,21.0,7.0,33.0,Masculino,CDMX,Plata
532,43.0,81.9,36.0,2.0,16.0,Masculino,,Plata
841,52.0,64.5,66.0,9.0,31.0,Femenino,CDMX,Oro
43,23.0,44.8,85.0,8.0,43.0,Femenino,CDMX,Bronce
782,54.0,68.4,59.0,5.0,18.0,Masculino,Monterrey,Bronce
919,58.0,55.1,66.0,4.0,10.0,Femenino,Puebla,Oro
689,51.0,74.7,41.0,4.0,12.0,Masculino,Puebla,Bronce
579,48.0,121.8,22.0,1.0,28.0,Femenino,Monterrey,Plata
133,31.0,31.6,87.0,9.0,45.0,Masculino,Monterrey,Bronce
1015,21.0,24.1,36.0,4.0,36.0,Femenino,Guadalajara,Bronce
468,46.0,100.3,34.0,0.0,11.0,Masculino,Puebla,Plata
39,22.0,41.4,84.0,10.0,39.0,Masculino,,Bronce
964,28.0,8.0,34.0,4.0,45.0,Femenino,CDMX,Bronce
191,37.0,39.6,70.0,12.0,32.0,Femenino,Monterrey,Oro
1043,18.0,14.1,44.0,3.0,30.0,Femenino,Puebla,Plata
509,40.0,94.3,13.0,5.0,24.0,Femenino,Monterrey,Bronce
167,33.0,52.5,90.0,8.0,46.0,Masculino,Monterrey,Plata
541,46.0,109.8,20.0,4.0,2.0,Femenino,Puebla,Bronce
72,20.0,40.7,65.0,11.0,46.0,Masculino,Guadalajara,Bronce
907,65.0,58.9,56.0,6.0,24.0,Masculino,Guadalajara,Bronce
906,51.0,32.0,37.0,3.0,20.0,Masculino,Puebla,Bronce
637,45.0,101.1,46.0,1.0,18.0,Femenino,CDMX,Oro
994,18.0,14.7,23.0,1.0,,Femenino,Guadalajara,Bronce
927,59.0,65.0,44.0,5.0,10.0,Femenino,Puebla,Bronce
5,18.0,33.5,69.0,9.0,41.0,Femenino,CDMX,Bronce
340,31.0,32.6,82.0,9.0,54.0,Femenino,Monterrey,Bronce
695,55.0,57.9,59.0,7.0,18.0,Masculino,Monterrey,Plata
715,53.0,67.5,55.0,3.0,32.0,Masculino,Puebla,Oro
378,51.0,96.3,24.0,3.0,18.0,Masculino,Monterrey,Bronce
448,46.0,89.4,38.0,3.0,3.0,Femenino,Monterrey,Bronce
652,49.0,103.5,20.0,6.0,12.0,Masculino,Monterrey,Bronce
1054,18.0,8.0,19.0,5.0,18.0,Masculino,Puebla,Oro
501,37.0,109.8,35.0,3.0,8.0,Masculino,CDMX,Bronce
805,62.0,93.6,45.0,4.0,18.0,Masculino,Guadalajara,Bronce
1078,22.0,23.9,37.0,4.0,25.0,Femenino,CDMX,Plata
95,18.0,35.8,72.0,9.0,58.0,Femenino,CDMX,Oro
96,18.0,36.9,81.0,6.0,34.0,Masculino,Monterrey,Oro
309,30.0,28.7,78.0,10.0,38.0,Masculino,Monterrey,Bronce
747,55.0,45.4,44.0,4.0,22.0,Femenino,Puebla,Bronce
490,49.0,98.3,25.0,8.0,13.0,Masculino,CDMX,Plata
603,56.0,70.3,20.0,3.0,12.0,Masculino,CDMX,Bronce
59,22.0,34.2,79.0,9.0,48.0,Femenino,CDMX,Plata
1147,24.0,18.6,33.0,4.0,37.0,Femenino,CDMX,Oro
326,31.0,,69.0,10.0,41.0,Femenino,Puebla,Oro
518,38.0,98.0,38.0,3.0,8.0,Femenino,Monterrey,Bronce
25,24.0,15.8,79.0,7.0,50.0,Femenino,Guadalajara,Oro
1055,18.0,11.5,26.0,4.0,23.0,Femenino,Guadalajara,Plata
245,40.0,27.4,78.0,9.0,37.0,Masculino,Monterrey,Bronce
26,25.0,25.5,87.0,10.0,42.0,Masculino,Puebla,Bronce
223,28.0,31.5,83.0,10.0,41.0,Femenino,Puebla,Plata
604,40.0,92.7,20.0,2.0,12.0,Femenino,Guadalajara,Bronce
106,26.0,29.5,78.0,6.0,40.0,Masculino,CDMX,Bronce
1087,29.0,8.0,9.0,0.0,33.0,Masculino,Guadalajara,Bronce
131,25.0,48.0,74.0,11.0,42.0,Femenino,Puebla,Plata
154,24.0,34.0,79.0,9.0,36.0,Masculino,Puebla,Plata
1080,28.0,8.0,37.0,3.0,39.0,Masculino,Puebla,Bronce
1144,33.0,22.7,24.0,2.0,8.0,Femenino,Puebla,Plata
871,58.0,63.2,61.0,8.0,21.0,Masculino,Guadalajara,Bronce
569,52.0,110.5,38.0,1.0,18.0,Femenino,Puebla,Oro
76,31.0,27.7,77.0,9.0,44.0,Femenino,Monterrey,Bronce
1112,18.0,24.1,28.0,3.0,32.0,Masculino,Guadalajara,Oro
1071,18.0,37.5,41.0,0.0,31.0,Femenino,CDMX,Plata
923,47.0,45.8,60.0,7.0,20.0,Femenino,Monterrey,Bronce
317,27.0,63.6,88.0,10.0,56.0,Femenino,Puebla,Oro
986,18.0,22.3,43.0,5.0,44.0,Femenino,,Bronce
743,66.0,61.6,51.0,7.0,19.0,Femenino,Monterrey,Bronce
200,26.0,24.3,59.0,9.0,40.0,Masculino,Monterrey,Plata
862,63.0,51.0,57.0,4.0,14.0,Femenino,CDMX,Bronce
135,18.0,31.3,81.0,4.0,30.0,Masculino,CDMX,Oro
327,18.0,44.5,73.0,10.0,32.0,Masculino,Puebla,Bronce
260,19.0,52.4,82.0,9.0,44.0,Masculino,CDMX,Oro
973,22.0,31.1,28.0,2.0,30.0,Femenino,CDMX,Oro
4,33.0,22.3,63.0,9.0,54.0,Femenino,Monterrey,Bronce
849,56.0,81.4,51.0,2.0,16.0,Femenino,Guadalajara,Oro
211,32.0,17.6,78.0,9.0,38.0,Masculino,Guadalajara,Oro
197,31.0,26.0,92.0,8.0,28.0,Masculino,CDMX,Bronce
1044,20.0,17.0,22.0,3.0,34.0,Femenino,Guadalajara,Bronce
537,34.0,79.7,22.0,0.0,17.0,Masculino,Guadalajara,Bronce
592,42.0,76.4,20.0,5.0,,Masculino,Monterrey,Bronce
27,30.0,,96.0,6.0,32.0,Masculino,Guadalajara,Plata
1090,28.0,44.8,30.0,2.0,28.0,Masculino,CDMX,Plata
902,57.0,58.9,90.0,1.0,17.0,Masculino,Puebla,Bronce
1131,21.0,22.6,23.0,6.0,34.0,Masculino,CDMX,Bronce
595,46.0,89.1,41.0,1.0,6.0,Femenino,Guadalajara,Plata
62,25.0,25.0,77.0,4.0,37.0,Femenino,Guadalajara,Oro
723,56.0,54.8,60.0,4.0,21.0,Femenino,Puebla,Bronce
1032,23.0,15.2,28.0,2.0,32.0,Masculino,Puebla,Plata
984,18.0,15.4,37.0,0.0,26.0,Masculino,Guadalajara,Plata
682,53.0,52.5,52.0,6.0,21.0,Femenino,Puebla,Bronce
638,45.0,86.6,35.0,3.0,0.0,Masculino,CDMX,Oro
780,62.0,63.4,55.0,11.0,23.0,Masculino,Guadalajara,Oro
598,51.0,105.0,28.0,6.0,16.0,Femenino,CDMX,Plata
574,45.0,95.7,26.0,0.0,2.0,Masculino,CDMX,Oro
458,48.0,,8.0,2.0,5.0,Femenino,Puebla,Bronce
926,65.0,46.9,58.0,6.0,21.0,Masculino,CDMX,Bronce
886,64.0,56.9,54.0,6.0,27.0,Femenino,Guadalajara,Bronce
9,27.0,37.4,67.0,10.0,40.0,Femenino,CDMX,Plata
979,25.0,18.9,31.0,3.0,40.0,Masculino,Puebla,Oro
667,58.0,40.2,39.0,5.0,24.0,Masculino,Guadalajara,Plata
1173,18.0,38.5,23.0,5.0,28.0,Femenino,CDMX,Bronce
649,41.0,108.5,43.0,3.0,7.0,Femenino,CDMX,Oro
658,40.0,92.8,31.0,8.0,10.0,Femenino,Monterrey,Bronce
820,60.0,38.6,54.0,9.0,10.0,Masculino,Puebla,Bronce
1118,18.0,8.0,24.0,3.0,31.0,Masculino,Guadalajara,Plata
75,28.0,46.1,60.0,10.0,29.0,Masculino,Monterrey,Bronce
564,47.0,89.8,32.0,2.0,19.0,Masculino,Monterrey,Plata
1020,21.0,8.0,36.0,4.0,33.0,Femenino,Monterrey,Plata
58,36.0,50.9,,9.0,33.0,Masculino,Puebla,Bronce
1028,20.0,13.4,39.0,4.0,50.0,Femenino,Monterrey,Bronce
479,43.0,87.2,36.0,5.0,3.0,Femenino,Puebla,Bronce
298,25.0,37.1,75.0,9.0,40.0,Femenino,CDMX,Bronce
955,53.0,67.5,68.0,6.0,27.0,Masculino,CDMX,Bronce
218,35.0,50.0,,8.0,28.0,Masculino,Guadalajara,Bronce
713,60.0,70.2,54.0,6.0,12.0,Masculino,Puebla,Bronce
669,49.0,69.4,45.0,7.0,11.0,Masculino,Guadalajara,Bronce
345,37.0,47.6,72.0,9.0,48.0,Masculino,CDMX,Bronce
714,50.0,68.6,51.0,1.0,21.0,Masculino,Guadalajara,Plata
481,38.0,96.1,28.0,0.0,13.0,Masculino,Puebla,Bronce
940,47.0,63.6,47.0,6.0,18.0,Femenino,Puebla,Bronce
755,59.0,,61.0,5.0,24.0,Masculino,Guadalajara,Oro
1041,19.0,20.1,20.0,5.0,25.0,Femenino,CDMX,Bronce
703,65.0,58.9,47.0,3.0,3.0,Femenino,Monterrey,Oro
869,58.0,58.8,70.0,5.0,12.0,Masculino,Monterrey,Plata
958,52.0,81.5,39.0,1.0,25.0,Masculino,CDMX,Bronce
267,28.0,30.1,64.0,10.0,38.0,Masculino,Monterrey,Plata
7,28.0,26.1,,6.0,61.0,Femenino,Puebla,Bronce
818,49.0,44.7,62.0,4.0,19.0,Masculino,Monterrey,Bronce
123,28.0,36.1,96.0,10.0,35.0,Masculino,Puebla,Bronce
1050,29.0,19.0,43.0,3.0,30.0,Femenino,Guadalajara,Bronce
139,39.0,11.1,59.0,7.0,24.0,Femenino,Monterrey,Plata
164,22.0,32.7,66.0,8.0,31.0,Masculino,CDMX,Plata
734,51.0,36.8,72.0,9.0,22.0,Masculino,Monterrey,Oro
549,40.0,106.7,,2.0,7.0,Femenino,CDMX,Bronce
1073,24.0,18.6,9.0,0.0,31.0,Masculino,CDMX,Oro
44,28.0,30.3,84.0,9.0,45.0,Femenino,Puebla,Bronce
779,56.0,,52.0,3.0,40.0,Femenino,CDMX,Bronce
1057,26.0,23.0,25.0,2.0,36.0,Masculino,Puebla,Bronce
320,20.0,33.0,85.0,6.0,43.0,Femenino,Guadalajara,Bronce
801,67.0,41.0,56.0,1.0,30.0,Masculino,Monterrey,Plata
796,58.0,54.6,57.0,3.0,8.0,Femenino,Puebla,Bronce
452,40.0,83.8,23.0,3.0,5.0,Femenino,Puebla,Bronce
295,26.0,42.0,68.0,9.0,38.0,Femenino,Puebla,Bronce
588,29.0,112.6,45.0,4.0,9.0,Femenino,Puebla,Bronce
559,42.0,88.9,11.0,1.0,18.0,Masculino,Monterrey,Plata
1021,18.0,8.0,,3.0,27.0,Femenino,Monterrey,Oro
507,40.0,76.0,27.0,2.0,17.0,Masculino,Puebla,Plata
20,27.0,29.5,56.0,11.0,45.0,Masculino,Guadalajara,Bronce
519,43.0,108.0,44.0,2.0,0.0,Masculino,CDMX,Bronce
474,27.0,116.3,38.0,2.0,16.0,Femenino,Puebla,Oro
675,62.0,37.8,33.0,5.0,19.0,Femenino,Guadalajara,Plata
700,45.0,43.8,70.0,6.0,24.0,Femenino,Monterrey,Oro
1056,21.0,14.1,34.0,1.0,28.0,Femenino,CDMX,Plata
410,49.0,96.5,38.0,4.0,21.0,Femenino,Puebla,Bronce
1102,19.0,17.0,13.0,2.0,27.0,Masculino,Puebla,Bronce
138,32.0,31.0,82.0,5.0,50.0,Femenino,CDMX,Plata
1038,25.0,15.6,24.0,1.0,24.0,Femenino,CDMX,Bronce
527,46.0,102.3,32.0,4.0,3.0,Masculino,Guadalajara,Bronce
186,36.0,33.1,99.0,9.0,51.0,Femenino,Monterrey,Bronce
972,20.0,19.8,16.0,3.0,35.0,Femenino,Guadalajara,Oro
1141,26.0,29.1,31.0,1.0,15.0,Masculino,Monterrey,Plata
1158,27.0,22.0,31.0,1.0,36.0,Masculino,Puebla,Bronce
873,51.0,53.7,49.0,6.0,27.0,Femenino,Puebla,Plata
1169,18.0,21.9,15.0,4.0,31.0,Masculino,Monterrey,Oro
508,40.0,86.1,50.0,2.0,9.0,Femenino,Puebla,Plata
328,27.0,53.0,83.0,10.0,49.0,Masculino,Puebla,Oro
318,23.0,40.0,72.0,9.0,60.0,Masculino,Guadalajara,Plata
838,54.0,65.5,50.0,5.0,24.0,Femenino,Puebla,Plata
975,23.0,18.4,26.0,3.0,50.0,Femenino,Puebla,Bronce
722,41.0,,68.0,7.0,12.0,Masculino,CDMX,Bronce
732,46.0,66.3,57.0,3.0,31.0,Femenino,Puebla,Bronce
800,67.0,54.3,53.0,5.0,13.0,Masculino,Puebla,Plata
472,48.0,106.8,47.0,2.0,20.0,Femenino,Puebla,Plata
484,52.0,85.5,12.0,1.0,14.0,Masculino,Monterrey,Plata
786,57.0,,45.0,4.0,21.0,Femenino,CDMX,Plata
149,33.0,28.3,72.0,10.0,34.0,Femenino,CDMX,Bronce
489,50.0,121.2,41.0,0.0,4.0,Masculino,Monterrey,Plata
1000,24.0,9.8,28.0,0.0,33.0,Femenino,Guadalajara,Plata
709,58.0,76.4,54.0,4.0,19.0,Masculino,Puebla,Plata
1185,19.0,,26.0,3.0,10.0,Femenino,Puebla,Bronce
1167,18.0,56.9,44.0,0.0,24.0,Masculino,CDMX,Plata
366,33.0,88.9,14.0,3.0,6.0,Femenino,Puebla,Bronce
913,61.0,43.8,59.0,2.0,22.0,Femenino,Guadalajara,Bronce
531,44.0,100.0,53.0,0.0,19.0,Masculino,Monterrey,Bronce
821,56.0,54.7,57.0,6.0,5.0,Masculino,CDMX,Plata
816,50.0,54.0,59.0,3.0,17.0,Femenino,Puebla,Bronce
953,66.0,31.9,61.0,4.0,24.0,Masculino,Guadalajara,Bronce
570,49.0,98.1,17.0,4.0,6.0,Masculino,Puebla,Oro
233,29.0,56.9,83.0,8.0,43.0,Masculino,Puebla,Bronce
957,52.0,43.6,58.0,4.0,21.0,Masculino,Puebla,Bronce
1186,18.0,16.7,16.0,4.0,35.0,Femenino,Guadalajara,Plata
813,67.0,57.9,59.0,5.0,21.0,Masculino,CDMX,Bronce
591,53.0,84.2,31.0,2.0,6.0,Femenino,CDMX,Bronce
159,24.0,45.8,77.0,10.0,55.0,Femenino,Puebla,Bronce
316,25.0,39.2,78.0,13.0,47.0,Femenino,Monterrey,Bronce
257,30.0,43.6,89.0,10.0,38.0,Femenino,CDMX,Oro
1116,34.0,29.2,18.0,1.0,33.0,Femenino,Puebla,Oro
97,19.0,47.9,74.0,7.0,48.0,Femenino,Monterrey,Plata
1184,18.0,24.4,18.0,3.0,36.0,Masculino,Monterrey,Plata
463,49.0,96.1,40.0,5.0,16.0,Masculino,Monterrey,Bronce
385,40.0,94.7,31.0,2.0,9.0,Femenino,Puebla,Bronce
1109,22.0,19.3,35.0,1.0,36.0,Femenino,Guadalajara,Oro
178,28.0,48.8,69.0,9.0,28.0,Masculino,Puebla,Bronce
475,52.0,84.6,31.0,3.0,12.0,Masculino,Monterrey,Bronce
329,20.0,29.5,68.0,9.0,35.0,Masculino,Monterrey,Bronce
315,32.0,45.0,73.0,5.0,51.0,Femenino,Monterrey,Plata
416,41.0,102.2,31.0,1.0,1.0,Femenino,CDMX,Bronce
358,29.0,43.2,100.0,3.0,41.0,Masculino,Monterrey,Plata
348,31.0,41.7,83.0,11.0,29.0,Masculino,Guadalajara,Bronce
505,43.0,100.9,30.0,2.0,,Masculino,Monterrey,Plata
299,18.0,49.6,75.0,10.0,35.0,Femenino,CDMX,Plata
1070,21.0,8.0,22.0,6.0,46.0,Masculino,Monterrey,Bronce
1009,18.0,,30.0,2.0,26.0,Masculino,Puebla,Bronce
789,66.0,63.4,53.0,6.0,12.0,Femenino,Puebla,Plata
706,54.0,42.3,54.0,5.0,18.0,Masculino,Guadalajara,Bronce
961,22.0,18.1,,3.0,49.0,Masculino,Monterrey,Bronce
659,34.0,87.3,34.0,5.0,6.0,Femenino,CDMX,Bronce
250,20.0,41.5,78.0,10.0,49.0,Masculino,Monterrey,Plata
844,63.0,76.2,51.0,4.0,13.0,Femenino,Monterrey,Plata
16,22.0,62.9,80.0,11.0,41.0,Masculino,Puebla,Bronce
1145,18.0,30.1,15.0,0.0,40.0,Masculino,CDMX,Plata
160,20.0,54.5,78.0,12.0,33.0,Femenino,Monterrey,Plata
1095,20.0,42.7,39.0,1.0,30.0,Masculino,CDMX,Bronce
611,50.0,102.8,19.0,1.0,19.0,Masculino,Puebla,Plata
361,45.0,98.1,26.0,5.0,20.0,Masculino,CDMX,Plata
49,31.0,11.1,65.0,9.0,45.0,Masculino,Guadalajara,Plata
203,28.0,35.6,79.0,5.0,23.0,Masculino,Monterrey,Bronce
331,36.0,38.8,66.0,8.0,,Femenino,Guadalajara,Plata
599,39.0,654.5,37.0,2.0,17.0,Femenino,CDMX,Plata
511,45.0,82.6,13.0,3.0,12.0,Femenino,Guadalajara,Plata
113,23.0,31.6,67.0,8.0,37.0,Masculino,Guadalajara,Plata
339,34.0,24.0,79.0,11.0,33.0,Masculino,CDMX,Oro
308,35.0,40.8,78.0,7.0,45.0,Masculino,Monterrey,Plata
790,60.0,63.0,57.0,1.0,10.0,Femenino,CDMX,Bronce
423,53.0,110.6,28.0,2.0,30.0,Masculino,Guadalajara,Bronce
417,44.0,99.0,40.0,4.0,6.0,Masculino,Puebla,Oro
952,63.0,43.0,63.0,3.0,0.0,Femenino,CDMX,Plata
411,41.0,94.2,25.0,4.0,18.0,Femenino,Puebla,Oro
981,19.0,8.0,17.0,2.0,28.0,Masculino,Monterrey,Bronce
792,63.0,68.4,50.0,3.0,5.0,Femenino,Guadalajara,Plata
856,55.0,57.9,37.0,6.0,21.0,Femenino,Monterrey,Bronce
645,51.0,103.2,15.0,0.0,4.0,Femenino,Monterrey,Oro
396,46.0,90.8,20.0,2.0,14.0,Femenino,Monterrey,Plata
668,59.0,77.6,45.0,7.0,10.0,Masculino,CDMX,Plata
460,39.0,85.2,42.0,2.0,15.0,Masculino,Monterrey,Bronce
656,50.0,81.1,40.0,1.0,15.0,Femenino,Guadalajara,Plata
128,20.0,,87.0,7.0,43.0,Masculino,Guadalajara,Bronce
1058,30.0,23.5,22.0,2.0,30.0,Masculino,CDMX,Plata
1190,18.0,9.0,29.0,2.0,26.0,Masculino,Puebla,Plata
1093,32.0,12.8,20.0,4.0,46.0,Femenino,CDMX,Plata
774,53.0,61.0,72.0,5.0,13.0,Femenino,Monterrey,Bronce
450,48.0,101.6,,2.0,,Femenino,Monterrey,Plata
238,26.0,44.8,100.0,10.0,45.0,Femenino,Guadalajara,Bronce
168,29.0,36.6,74.0,5.0,44.0,Masculino,Monterrey,Bronce
783,61.0,71.2,41.0,2.0,19.0,Masculino,Monterrey,Plata
636,37.0,65.7,34.0,4.0,1.0,Femenino,Guadalajara,Bronce
81,30.0,32.7,70.0,7.0,32.0,Masculino,CDMX,Bronce
415,48.0,97.7,26.0,5.0,6.0,Masculino,Guadalajara,Plata
670,52.0,59.5,40.0,4.0,23.0,Masculino,Puebla,Bronce
301,37.0,14.7,,11.0,39.0,Masculino,CDMX,Bronce
643,38.0,76.6,40.0,3.0,6.0,Masculino,Puebla,Oro
325,38.0,29.8,70.0,8.0,34.0,Masculino,Puebla,Plata
936,44.0,64.8,50.0,6.0,24.0,Femenino,Monterrey,Bronce
216,33.0,17.5,84.0,11.0,29.0,Masculino,Monterrey,Oro
622,55.0,,23.0,3.0,1.0,Femenino,Guadalajara,Plata
31,40.0,8.0,78.0,12.0,43.0,Masculino,Puebla,Bronce
753,50.0,36.7,52.0,3.0,20.0,Masculino,Monterrey,Plata
243,18.0,50.3,68.0,9.0,38.0,Masculino,Guadalajara,Oro
730,56.0,61.6,,5.0,22.0,Femenino,CDMX,Oro
641,47.0,91.7,42.0,3.0,24.0,Masculino,CDMX,Bronce
336,20.0,25.6,93.0,7.0,44.0,Femenino,Monterrey,Oro
1006,27.0,33.7,41.0,3.0,27.0,Masculino,CDMX,Oro
210,25.0,37.3,79.0,11.0,36.0,Masculino,Puebla,Plata
548,40.0,122.3,44.0,3.0,4.0,Femenino,CDMX,Bronce
436,34.0,95.6,30.0,8.0,3.0,Femenino,Monterrey,Plata
1142,23.0,8.0,23.0,4.0,18.0,Femenino,CDMX,Oro
1110,27.0,8.0,48.0,3.0,41.0,Femenino,Monterrey,Bronce
569,52.0,110.5,38.0,1.0,18.0,Femenino,Puebla,Oro
404,36.0,99.7,37.0,0.0,6.0,Femenino,Monterrey,Bronce
284,30.0,37.1,84.0,11.0,57.0,Femenino,Guadalajara,Bronce
363,43.0,86.4,33.0,5.0,26.0,Femenino,Guadalajara,Bronce
272,29.0,65.6,93.0,10.0,24.0,Femenino,CDMX,Bronce
467,45.0,89.5,45.0,6.0,16.0,Masculino,Puebla,Plata
1085,18.0,8.0,27.0,4.0,36.0,Femenino,Puebla,Plata
778,61.0,65.3,65.0,4.0,10.0,Masculino,Guadalajara,Plata
278,20.0,21.6,,8.0,38.0,Masculino,Puebla,Bronce
1083,23.0,37.4,12.0,3.0,30.0,Masculino,Guadalajara,Bronce
1159,22.0,9.2,34.0,4.0,18.0,Masculino,Puebla,Plata
1149,19.0,22.4,29.0,2.0,38.0,Masculino,Monterrey,Oro
698,58.0,76.0,60.0,5.0,20.0,Masculino,Puebla,Plata
443,42.0,72.7,32.0,4.0,12.0,Femenino,CDMX,Plata
300,29.0,31.1,84.0,12.0,43.0,Masculino,CDMX,Plata
376,42.0,91.9,44.0,3.0,5.0,Femenino,Monterrey,Bronce
664,61.0,77.5,53.0,9.0,24.0,Femenino,CDMX,Plata
1182,29.0,28.8,3.0,4.0,42.0,Femenino,Puebla,Plata
612,38.0,102.5,11.0,5.0,10.0,Masculino,Puebla,Bronce
473,48.0,110.5,32.0,2.0,23.0,Masculino,CDMX,Plata
852,49.0,78.6,56.0,8.0,20.0,Femenino,Monterrey,Plata
1103,20.0,17.3,23.0,1.0,29.0,Femenino,Monterrey,Plata
389,40.0,100.1,30.0,7.0,3.0,Femenino,Puebla,Bronce
23,34.0,15.8,68.0,10.0,35.0,Femenino,Guadalajara,Plata
701,53.0,41.3,56.0,5.0,26.0,Masculino,CDMX,Bronce
916,53.0,37.5,49.0,10.0,13.0,Masculino,CDMX,Bronce
424,51.0,102.6,18.0,5.0,11.0,Masculino,Guadalajara,Oro
1088,24.0,8.0,25.0,0.0,46.0,Femenino,Monterrey,Oro
744,51.0,54.6,41.0,4.0,28.0,Femenino,Guadalajara,Bronce
956,70.0,40.8,47.0,2.0,11.0,Masculino,Monterrey,Plata
307,25.0,15.6,56.0,11.0,37.0,Femenino,Puebla,Bronce
143,18.0,26.4,77.0,10.0,46.0,Femenino,Puebla,Bronce
51,29.0,17.2,95.0,7.0,37.0,Femenino,CDMX,Oro
721,55.0,60.2,68.0,6.0,23.0,Masculino,Guadalajara,Bronce
761,57.0,59.4,58.0,4.0,24.0,Masculino,Puebla,Bronce
82,23.0,38.9,67.0,8.0,20.0,Femenino,Monterrey,Oro
483,33.0,96.0,28.0,4.0,16.0,Femenino,CDMX,Bronce
322,26.0,42.5,88.0,8.0,36.0,Masculino,Puebla,Plata
1003,18.0,19.2,,3.0,36.0,Masculino,CDMX,Bronce
719,49.0,49.1,49.0,8.0,24.0,Femenino,Puebla,Plata
136,21.0,46.2,78.0,6.0,32.0,Masculino,Guadalajara,Plata
67,25.0,44.6,78.0,10.0,25.0,Femenino,CDMX,Plata
960,63.0,63.9,58.0,4.0,15.0,Masculino,Monterrey,Plata
937,57.0,46.5,59.0,6.0,11.0,Masculino,,Plata
772,43.0,68.0,58.0,5.0,34.0,Masculino,Guadalajara,Plata
418,51.0,85.3,24.0,4.0,6.0,Masculino,Monterrey,Bronce
1168,25.0,30.7,18.0,1.0,29.0,Femenino,Guadalajara,Plata
65,31.0,24.3,78.0,9.0,40.0,Femenino,CDMX,Bronce
944,55.0,74.8,79.0,5.0,21.0,Masculino,Monterrey,Bronce
935,51.0,44.7,44.0,4.0,16.0,Masculino,Puebla,Bronce
1104,18.0,54.0,25.0,3.0,31.0,Masculino,Monterrey,Bronce
492,43.0,82.1,35.0,5.0,5.0,Masculino,CDMX,Bronce
733,46.0,66.8,57.0,6.0,20.0,Masculino,Monterrey,Bronce
836,59.0,48.8,47.0,1.0,29.0,Masculino,Monterrey,Bronce
66,32.0,30.7,80.0,10.0,46.0,Masculino,Monterrey,Plata
1023,26.0,30.5,26.0,5.0,31.0,Masculino,Guadalajara,Plata
596,49.0,96.0,42.0,0.0,14.0,Femenino,CDMX,Bronce
1013,34.0,8.0,28.0,0.0,35.0,Femenino,Monterrey,Bronce
297,29.0,24.6,79.0,10.0,31.0,Femenino,Puebla,Oro
420,37.0,86.1,11.0,5.0,7.0,Masculino,Monterrey,Plata
439,54.0,102.2,38.0,4.0,0.0,Femenino,Monterrey,Bronce
262,25.0,35.4,63.0,10.0,38.0,Femenino,Monterrey,Plata
726,47.0,41.0,47.0,4.0,19.0,Masculino,Monterrey,Bronce
282,18.0,43.4,71.0,11.0,31.0,Femenino,Puebla,Oro
859,54.0,70.1,59.0,3.0,27.0,Masculino,Puebla,Plata
883,53.0,348.5,45.0,2.0,18.0,Femenino,Puebla,Bronce
189,19.0,43.5,79.0,10.0,45.0,Masculino,Puebla,Bronce
930,60.0,66.8,60.0,3.0,31.0,Masculino,Monterrey,Bronce
252,29.0,37.8,77.0,7.0,29.0,Masculino,Monterrey,Bronce
784,49.0,70.9,40.0,5.0,,Masculino,CDMX,Plata
1124,19.0,8.0,24.0,0.0,20.0,Masculino,CDMX,Plata
515,46.0,107.4,34.0,1.0,5.0,Masculino,Monterrey,Plata
619,41.0,109.5,28.0,3.0,3.0,Masculino,CDMX,Plata
488,39.0,102.0,26.0,7.0,13.0,Femenino,CDMX,Bronce
274,40.0,11.8,91.0,10.0,41.0,Masculino,Monterrey,Plata
997,18.0,23.0,33.0,2.0,48.0,Femenino,Monterrey,Plata
1191,29.0,28.5,29.0,3.0,13.0,Masculino,CDMX,Bronce
449,36.0,119.1,44.0,2.0,11.0,Masculino,,Bronce
412,46.0,103.8,26.0,2.0,3.0,Femenino,Monterrey,Bronce
888,47.0,326.5,52.0,2.0,10.0,Femenino,CDMX,Oro
751,49.0,68.6,,4.0,25.0,Masculino,Puebla,Oro
971,22.0,23.0,30.0,1.0,40.0,Femenino,Puebla,Plata
987,19.0,8.0,26.0,5.0,34.0,Masculino,Puebla,Plata
150,28.0,40.6,78.0,10.0,38.0,Masculino,Puebla,Oro
219,26.0,32.0,87.0,7.0,48.0,Masculino,Guadalajara,Bronce
240,24.0,13.7,82.0,11.0,40.0,Masculino,Monterrey,Plata
752,45.0,59.0,45.0,2.0,30.0,Femenino,Guadalajara,Bronce
193,25.0,38.6,84.0,8.0,43.0,Masculino,Monterrey,Plata
192,26.0,41.7,82.0,12.0,35.0,Femenino,Monterrey,Plata
1061,18.0,15.8,37.0,7.0,40.0,Masculino,CDMX,Plata
737,59.0,47.4,58.0,7.0,11.0,Masculino,CDMX,Plata
705,46.0,56.7,67.0,5.0,23.0,Masculino,Guadalajara,Plata
738,53.0,67.3,52.0,5.0,0.0,Femenino,Monterrey,Bronce
624,47.0,100.8,16.0,2.0,23.0,Masculino,Puebla,Bronce
978,21.0,13.3,25.0,0.0,31.0,Femenino,Guadalajara,Bronce
741,56.0,52.4,58.0,8.0,15.0,Masculino,Monterrey,Plata
583,46.0,108.7,45.0,0.0,0.0,Masculino,CDMX,Bronce
1132,18.0,26.9,16.0,1.0,24.0,Masculino,Guadalajara,Plata
324,32.0,28.7,79.0,8.0,34.0,Femenino,Monterrey,Plata
969,19.0,18.0,34.0,2.0,29.0,Masculino,Puebla,Bronce
894,57.0,50.7,54.0,6.0,0.0,Femenino,Guadalajara,Plata
688,55.0,48.9,41.0,9.0,20.0,Masculino,CDMX,Plata
438,56.0,101.1,32.0,2.0,0.0,Masculino,Guadalajara,Plata
807,52.0,40.0,53.0,3.0,18.0,Masculino,Guadalajara,Plata
877,58.0,59.2,66.0,7.0,25.0,Masculino,Guadalajara,Plata
342,29.0,32.1,93.0,9.0,43.0,Femenino,Puebla,Bronce
3,32.0,,55.0,10.0,31.0,Masculino,Guadalajara,Bronce
230,25.0,54.3,42.0,8.0,36.0,Masculino,CDMX,Bronce
740,53.0,61.0,63.0,3.0,24.0,Masculino,Puebla,Bronce
1178,19.0,8.0,31.0,3.0,,Femenino,Monterrey,Oro
77,24.0,28.6,88.0,9.0,36.0,Femenino,Guadalajara,Bronce
1127,20.0,8.0,9.0,5.0,29.0,Femenino,Puebla,Plata
372,33.0,101.0,46.0,4.0,7.0,Masculino,CDMX,Plata
181,35.0,14.8,82.0,11.0,47.0,Masculino,Puebla,Bronce
745,55.0,47.4,47.0,4.0,16.0,Femenino,Guadalajara,Bronce
578,41.0,99.9,39.0,7.0,,Femenino,CDMX,Plata
770,55.0,56.7,67.0,0.0,15.0,Masculino,Guadalajara,Bronce
795,47.0,60.9,48.0,6.0,21.0,Masculino,CDMX,Bronce
1045,25.0,11.9,28.0,2.0,42.0,Femenino,Guadalajara,Plata
1036,19.0,25.0,34.0,3.0,14.0,Masculino,Monterrey,Bronce
870,49.0,64.8,55.0,2.0,22.0,Femenino,Guadalajara,Bronce
590,42.0,107.0,30.0,2.0,0.0,Femenino,Puebla,Plata
1046,20.0,35.8,45.0,0.0,36.0,Masculino,Monterrey,Plata
854,56.0,68.7,43.0,3.0,12.0,Femenino,Monterrey,Bronce
1011,20.0,21.7,29.0,4.0,45.0,Femenino,Monterrey,Plata
931,59.0,60.2,66.0,6.0,20.0,Masculino,Monterrey,Bronce
38,22.0,37.8,87.0,8.0,30.0,Femenino,Monterrey,Oro
354,32.0,34.9,62.0,6.0,40.0,Masculino,Puebla,Bronce
1119,26.0,10.8,28.0,2.0,34.0,Masculino,Guadalajara,Plata
237,18.0,,73.0,9.0,50.0,Masculino,CDMX,Plata
1068,18.0,8.9,22.0,0.0,41.0,Masculino,Monterrey,Plata
500,40.0,91.3,36.0,3.0,26.0,Femenino,Puebla,Bronce
554,51.0,89.9,37.0,2.0,1.0,Femenino,Puebla,Oro
56,23.0,37.4,80.0,12.0,33.0,Masculino,Guadalajara,Plata
303,32.0,24.2,82.0,8.0,46.0,Masculino,Puebla,Bronce
287,29.0,42.4,85.0,7.0,34.0,Masculino,Puebla,Plata
1052,18.0,18.1,28.0,1.0,39.0,Masculino,Puebla,Plata
220,23.0,39.4,87.0,7.0,43.0,Femenino,CDMX,Bronce
665,74.0,60.8,39.0,8.0,,Masculino,Guadalajara,Plata
388,54.0,88.7,24.0,3.0,0.0,Masculino,CDMX,Bronce
771,42.0,65.6,59.0,6.0,19.0,Masculino,Puebla,Oro
391,49.0,96.2,15.0,1.0,9.0,Femenino,Guadalajara,Bronce
353,24.0,22.6,76.0,7.0,44.0,Masculino,CDMX,Plata
194,36.0,59.4,72.0,10.0,42.0,Masculino,Puebla,Bronce
236,23.0,29.9,92.0,13.0,29.0,Masculino,CDMX,Bronce
1062,22.0,8.0,18.0,2.0,40.0,Masculino,Puebla,Bronce
481,38.0,96.1,28.0,0.0,13.0,Masculino,Puebla,Bronce
568,38.0,,28.0,3.0,13.0,Masculino,Monterrey,Bronce
117,28.0,47.8,75.0,7.0,36.0,Masculino,Puebla,Plata
983,31.0,8.0,35.0,3.0,21.0,Masculino,Puebla,Plata
654,50.0,98.7,26.0,8.0,14.0,Femenino,CDMX,Bronce
1012,21.0,23.8,29.0,1.0,34.0,Femenino,Monterrey,Plata
1130,24.0,8.0,27.0,0.0,31.0,Masculino,Guadalajara,Bronce
802,55.0,50.9,53.0,7.0,13.0,Femenino,Monterrey,Bronce
814,59.0,69.1,50.0,2.0,14.0,Masculino,Monterrey,Bronce
121,21.0,37.7,97.0,6.0,39.0,Femenino,Guadalajara,Bronce
857,61.0,40.1,61.0,5.0,24.0,Masculino,CDMX,Oro
1042,24.0,8.0,26.0,5.0,28.0,Femenino,CDMX,Oro
1166,18.0,19.7,33.0,2.0,40.0,Masculino,Guadalajara,Bronce
63,28.0,27.9,96.0,5.0,53.0,Femenino,Puebla,Plata
697,54.0,56.8,67.0,5.0,11.0,Femenino,Guadalajara,Bronce
454,32.0,95.4,22.0,2.0,4.0,Masculino,Guadalajara,Bronce
516,39.0,80.8,26.0,6.0,4.0,Masculino,Monterrey,Plata
571,37.0,104.9,,2.0,10.0,Femenino,Puebla,Oro
224,20.0,22.1,90.0,11.0,56.0,Femenino,CDMX,Oro
614,62.0,97.4,22.0,0.0,18.0,Masculino,CDMX,Bronce
222,28.0,21.1,87.0,5.0,33.0,Femenino,Guadalajara,Bronce
704,60.0,52.2,62.0,3.0,10.0,Masculino,Guadalajara,Plata
831,46.0,54.7,53.0,2.0,0.0,Masculino,Puebla,Oro
466,38.0,91.5,39.0,3.0,10.0,Femenino,CDMX,Bronce
53,18.0,26.9,81.0,8.0,37.0,Masculino,CDMX,Bronce
1117,22.0,18.9,19.0,0.0,30.0,Masculino,Puebla,Plata
486,38.0,97.8,37.0,3.0,14.0,Masculino,CDMX,Oro
1164,25.0,27.9,39.0,8.0,29.0,Masculino,Puebla,Oro
965,19.0,8.0,28.0,2.0,27.0,Femenino,CDMX,Oro
156,38.0,39.1,58.0,7.0,46.0,Femenino,Guadalajara,Plata
963,22.0,22.5,15.0,0.0,25.0,Femenino,Monterrey,Plata
601,51.0,112.8,36.0,6.0,19.0,Masculino,Puebla,Bronce
921,59.0,45.4,42.0,6.0,19.0,Masculino,Puebla,Oro
249,44.0,14.8,87.0,9.0,41.0,Masculino,Monterrey,Plata
442,54.0,97.8,21.0,2.0,1.0,Masculino,Monterrey,Plata
1107,30.0,25.4,18.0,3.0,30.0,Masculino,Monterrey,Bronce
1120,18.0,15.4,30.0,4.0,28.0,Masculino,Monterrey,Plata
543,45.0,108.3,29.0,5.0,4.0,Masculino,Monterrey,Bronce
702,60.0,80.0,52.0,3.0,20.0,Masculino,Guadalajara,Plata
118,27.0,21.3,92.0,7.0,48.0,Masculino,Guadalajara,Bronce
758,53.0,58.0,53.0,4.0,21.0,Masculino,Puebla,Plata
629,48.0,84.4,30.0,7.0,7.0,Masculino,Guadalajara,Bronce
1183,20.0,24.0,14.0,3.0,28.0,Masculino,CDMX,Plata
968,18.0,8.0,17.0,2.0,43.0,Masculino,CDMX,Bronce
292,28.0,32.9,92.0,11.0,42.0,Femenino,,Bronce
1064,23.0,30.9,29.0,0.0,34.0,Masculino,Guadalajara,Oro
382,50.0,95.5,27.0,6.0,22.0,Masculino,Monterrey,Bronce
908,61.0,92.9,75.0,5.0,8.0,Masculino,Monterrey,Plata
954,58.0,47.3,45.0,3.0,17.0,Masculino,CDMX,Bronce
201,29.0,34.2,75.0,11.0,30.0,Femenino,Puebla,Bronce
597,42.0,128.2,27.0,0.0,19.0,Femenino,Guadalajara,Bronce
1027,18.0,28.7,13.0,1.0,38.0,Femenino,Puebla,Plata
1161,20.0,28.2,32.0,2.0,27.0,Masculino,Monterrey,Bronce
839,62.0,59.1,51.0,4.0,10.0,Femenino,CDMX,Bronce
900,50.0,58.0,58.0,3.0,18.0,Femenino,Puebla,Oro
506,34.0,87.6,25.0,1.0,13.0,Masculino,Guadalajara,Plata
349,18.0,32.3,92.0,10.0,44.0,Femenino,Monterrey,Bronce
970,22.0,30.2,43.0,2.0,31.0,Femenino,Puebla,Bronce
229,22.0,37.8,,3.0,44.0,Femenino,CDMX,Bronce
341,18.0,48.4,76.0,9.0,48.0,Masculino,Puebla,Plata
616,48.0,68.8,24.0,1.0,13.0,Masculino,Guadalajara,Bronce
155,27.0,44.5,59.0,10.0,45.0,Masculino,Guadalajara,Bronce
1128,18.0,8.0,25.0,5.0,37.0,Femenino,CDMX,Bronce
799,53.0,51.9,48.0,5.0,14.0,Femenino,Puebla,Bronce
78,28.0,22.2,89.0,12.0,52.0,Femenino,CDMX,Bronce
288,27.0,14.2,74.0,12.0,38.0,Masculino,Monterrey,Oro
323,34.0,50.0,85.0,9.0,,Masculino,Guadalajara,Bronce
861,54.0,56.2,61.0,5.0,24.0,Masculino,CDMX,Bronce
901,56.0,43.4,54.0,6.0,16.0,Femenino,Guadalajara,Bronce
834,58.0,66.6,69.0,9.0,19.0,Masculino,Guadalajara,Plata
83,25.0,39.3,81.0,8.0,40.0,Masculino,CDMX,Bronce
830,61.0,69.0,33.0,6.0,12.0,Masculino,CDMX,Bronce
465,49.0,108.0,42.0,1.0,9.0,Femenino,Puebla,Bronce
884,45.0,57.5,59.0,4.0,15.0,Masculino,Guadalajara,Oro
793,53.0,94.1,61.0,8.0,11.0,Masculino,Guadalajara,Bronce
1195,28.0,10.1,21.0,0.0,22.0,Masculino,Monterrey,Bronce
833,62.0,65.0,53.0,3.0,22.0,Masculino,Guadalajara,Plata
334,21.0,8.0,100.0,12.0,56.0,Femenino,Monterrey,Oro
11,32.0,,82.0,8.0,39.0,Femenino,CDMX,Bronce
739,49.0,51.8,62.0,4.0,14.0,Masculino,Puebla,Plata
471,40.0,104.5,24.0,2.0,12.0,Femenino,Monterrey,Bronce
33,24.0,29.3,68.0,7.0,42.0,Masculino,Guadalajara,Oro
819,54.0,64.8,61.0,4.0,13.0,Femenino,Puebla,Bronce
414,49.0,82.1,22.0,3.0,9.0,Femenino,Puebla,Bronce
581,45.0,100.0,23.0,2.0,21.0,Femenino,Monterrey,Bronce
383,52.0,85.3,45.0,0.0,13.0,Masculino,CDMX,Bronce
864,48.0,63.6,74.0,8.0,20.0,Masculino,CDMX,Plata
797,51.0,54.1,77.0,5.0,0.0,Femenino,Guadalajara,Bronce
1157,20.0,8.0,16.0,2.0,23.0,Masculino,Puebla,Plata
878,55.0,62.2,65.0,6.0,15.0,Masculino,Guadalajara,Bronce
1163,18.0,27.5,25.0,2.0,43.0,Masculino,CDMX,Bronce
379,48.0,97.6,36.0,5.0,13.0,Femenino,Monterrey,Bronce
90,30.0,39.6,80.0,8.0,47.0,Femenino,Puebla,Bronce
829,64.0,71.1,54.0,5.0,33.0,Femenino,CDMX,Plata
602,49.0,92.7,,6.0,3.0,Masculino,Puebla,Oro
214,24.0,24.2,94.0,5.0,39.0,Masculino,Guadalajara,Oro
333,23.0,46.4,79.0,6.0,32.0,Masculino,CDMX,Oro
134,26.0,40.4,78.0,8.0,42.0,Femenino,Guadalajara,Bronce
347,23.0,24.1,67.0,11.0,51.0,Femenino,CDMX,Bronce
899,60.0,56.2,45.0,2.0,25.0,Femenino,Guadalajara,Bronce
8,25.0,25.1,86.0,6.0,54.0,Femenino,Guadalajara,Oro
882,55.0,74.8,62.0,7.0,11.0,Masculino,Guadalajara,Plata
321,32.0,44.8,68.0,11.0,33.0,Femenino,Monterrey,Bronce
1081,20.0,17.4,22.0,1.0,39.0,Masculino,CDMX,Plata
188,20.0,22.9,65.0,10.0,55.0,Femenino,Puebla,Bronce
635,45.0,90.7,28.0,3.0,0.0,Masculino,CDMX,Bronce
553,46.0,109.4,35.0,3.0,11.0,Femenino,Monterrey,Bronce
305,27.0,34.0,57.0,5.0,47.0,Femenino,Monterrey,Plata
32,25.0,35.7,75.0,8.0,51.0,Femenino,CDMX,Bronce
876,53.0,51.2,49.0,3.0,31.0,Femenino,Monterrey,Bronce
685,60.0,59.2,55.0,4.0,26.0,Masculino,CDMX,Plata
1089,31.0,30.2,14.0,0.0,37.0,Masculino,Puebla,Plata
241,22.0,41.2,94.0,7.0,30.0,Masculino,Guadalajara,Bronce
68,24.0,55.6,76.0,8.0,42.0,Masculino,Guadalajara,Bronce
175,19.0,16.2,75.0,8.0,37.0,Femenino,CDMX,Bronce
767,59.0,57.9,52.0,6.0,10.0,Masculino,Puebla,Bronce
1194,22.0,25.1,19.0,4.0,27.0,Masculino,Guadalajara,Bronce
246,19.0,41.5,64.0,11.0,47.0,Femenino,CDMX,Bronce
57,25.0,48.1,67.0,9.0,45.0,Femenino,Puebla,Bronce
631,43.0,81.8,37.0,5.0,19.0,Femenino,Guadalajara,Oro
584,45.0,95.1,32.0,2.0,0.0,Femenino,CDMX,Bronce
1048,32.0,34.5,43.0,2.0,42.0,Masculino,Puebla,Bronce
146,25.0,28.5,86.0,10.0,29.0,Femenino,CDMX,Oro
91,31.0,33.4,76.0,7.0,,Masculino,Guadalajara,Bronce
1138,25.0,32.4,38.0,1.0,36.0,Femenino,Monterrey,Plata
393,38.0,90.5,20.0,6.0,0.0,Femenino,Puebla,Bronce
893,63.0,57.9,58.0,6.0,36.0,Femenino,Guadalajara,Plata
683,56.0,49.4,44.0,12.0,17.0,Femenino,,Plata
311,34.0,44.4,,8.0,36.0,Femenino,Guadalajara,Plata
360,26.0,,92.0,11.0,38.0,Femenino,Guadalajara,Bronce
94,27.0,59.9,73.0,7.0,33.0,Masculino,Guadalajara,Bronce
1129,20.0,13.3,38.0,3.0,35.0,Masculino,CDMX,Bronce
1047,23.0,23.8,19.0,2.0,38.0,Masculino,Guadalajara,Bronce
377,49.0,95.8,23.0,3.0,,Masculino,Guadalajara,Oro
244,18.0,27.5,77.0,6.0,52.0,Masculino,Monterrey,Plata
315,32.0,45.0,73.0,5.0,51.0,Femenino,Monterrey,Plata
88,27.0,31.0,66.0,13.0,41.0,Femenino,Puebla,Plata
215,25.0,37.3,81.0,10.0,40.0,Masculino,Monterrey,Oro
445,33.0,74.1,29.0,4.0,6.0,Masculino,Puebla,Bronce
174,20.0,40.4,78.0,10.0,43.0,Masculino,Monterrey,Bronce
426,46.0,,22.0,2.0,10.0,Femenino,Monterrey,Bronce
1063,22.0,12.2,18.0,3.0,22.0,Masculino,CDMX,Plata
119,37.0,35.1,96.0,12.0,48.0,Masculino,CDMX,Oro
120,26.0,66.2,75.0,7.0,41.0,Masculino,Puebla,Oro
1035,18.0,37.8,25.0,3.0,29.0,Masculino,Puebla,Bronce
1096,18.0,74.5,9.0,2.0,28.0,Femenino,Puebla,Plata
1,29.0,33.2,77.0,9.0,37.0,Femenino,Guadalajara,Plata
395,48.0,85.4,,3.0,19.0,Masculino,Monterrey,Bronce
402,45.0,580.9,,4.0,9.0,Femenino,Puebla,Plata
405,37.0,86.4,38.0,5.0,12.0,Masculino,Puebla,Plata
880,59.0,56.4,48.0,8.0,19.0,Masculino,CDMX,Bronce
891,64.0,48.4,65.0,5.0,17.0,Femenino,Guadalajara,Bronce
163,40.0,51.0,67.0,12.0,52.0,Femenino,Monterrey,Plata
115,27.0,42.4,70.0,13.0,31.0,Masculino,Guadalajara,Plata
671,52.0,67.7,69.0,5.0,16.0,Femenino,Puebla,Bronce
151,26.0,16.3,,8.0,31.0,Masculino,Guadalajara,Plata
842,60.0,37.8,64.0,6.0,19.0,Femenino,Guadalajara,Bronce
982,18.0,27.6,17.0,3.0,18.0,Masculino,Puebla,Plata
562,41.0,84.3,44.0,0.0,19.0,Masculino,Monterrey,Plata
369,45.0,85.4,6.0,4.0,8.0,Masculino,CDMX,Bronce
544,43.0,,33.0,5.0,15.0,Masculino,Guadalajara,Plata
478,51.0,93.8,44.0,5.0,9.0,Femenino,Puebla,Bronce
1152,22.0,8.0,20.0,0.0,36.0,Masculino,CDMX,Bronce
533,46.0,102.6,45.0,1.0,18.0,Masculino,Puebla,Plata
626,44.0,744.4,31.0,0.0,13.0,Femenino,CDMX,Plata
1022,26.0,254.6,27.0,3.0,19.0,Masculino,CDMX,Bronce
513,34.0,103.1,26.0,6.0,13.0,Masculino,CDMX,Bronce
840,55.0,37.4,50.0,2.0,9.0,Masculino,Puebla,Bronce
73,21.0,33.4,83.0,10.0,49.0,Femenino,CDMX,Oro
808,61.0,70.8,49.0,0.0,12.0,Femenino,Monterrey,Plata
259,26.0,27.6,64.0,14.0,28.0,Masculino,CDMX,Plata
625,43.0,,26.0,3.0,6.0,Masculino,Puebla,Bronce
827,63.0,71.1,47.0,6.0,28.0,Femenino,Guadalajara,Plata
235,23.0,19.6,71.0,10.0,40.0,Femenino,Guadalajara,Bronce
136,21.0,46.2,78.0,6.0,32.0,Masculino,Guadalajara,Plata
617,42.0,96.8,33.0,4.0,5.0,Masculino,Puebla,Bronce
517,50.0,,9.0,3.0,31.0,Masculino,CDMX,Bronce
1072,25.0,17.0,11.0,5.0,50.0,Femenino,Monterrey,Oro
837,42.0,49.1,29.0,2.0,21.0,Femenino,Guadalajara,Plata
843,61.0,48.7,56.0,6.0,13.0,Femenino,Guadalajara,Bronce
803,55.0,39.5,55.0,5.0,25.0,Femenino,CDMX,Bronce
810,55.0,75.6,56.0,6.0,16.0,Masculino,Monterrey,Plata
593,49.0,98.1,29.0,5.0,1.0,Femenino,CDMX,Bronce
1079,24.0,70.4,7.0,3.0,40.0,Femenino,CDMX,Oro
502,46.0,85.3,34.0,5.0,34.0,Femenino,Puebla,Plata
539,54.0,88.4,43.0,1.0,15.0,Femenino,Monterrey,Plata
946,67.0,60.7,59.0,4.0,6.0,Femenino,Monterrey,Plata
729,57.0,268.5,49.0,7.0,23.0,Femenino,,Bronce
582,40.0,110.1,23.0,3.0,11.0,Masculino,Monterrey,Bronce
344,29.0,34.3,89.0,12.0,34.0,Femenino,Guadalajara,Bronce
977,33.0,14.7,,0.0,31.0,Femenino,Monterrey,Plata
890,54.0,46.5,,2.0,15.0,Femenino,Monterrey,Oro
294,18.0,21.8,61.0,6.0,30.0,Femenino,Guadalajara,Plata
365,46.0,91.6,21.0,3.0,8.0,Femenino,,Plata
898,53.0,58.3,57.0,7.0,25.0,Femenino,Guadalajara,Oro
660,54.0,102.1,21.0,2.0,11.0,Masculino,Puebla,Plata
15,30.0,41.6,81.0,8.0,54.0,Masculino,CDMX,Plata
687,59.0,,63.0,6.0,16.0,Masculino,CDMX,Bronce
87,24.0,47.8,77.0,14.0,52.0,Femenino,Monterrey,Plata
371,33.0,99.7,21.0,3.0,29.0,Masculino,Monterrey,Bronce
166,22.0,29.7,81.0,9.0,53.0,Masculino,Puebla,Plata
132,19.0,39.4,73.0,8.0,40.0,Masculino,CDMX,Bronce
336,20.0,25.6,93.0,7.0,44.0,Femenino,Monterrey,Oro
60,33.0,51.2,65.0,9.0,33.0,Masculino,Monterrey,Plata
710,49.0,60.6,55.0,8.0,11.0,Femenino,CDMX,Oro
1034,18.0,27.5,17.0,3.0,24.0,Femenino,Puebla,Bronce
677,54.0,74.3,52.0,7.0,24.0,Femenino,Puebla,Bronce
355,33.0,32.5,,9.0,27.0,Femenino,Monterrey,Plata
1014,18.0,18.0,42.0,3.0,37.0,Femenino,Monterrey,Oro
425,47.0,,23.0,2.0,8.0,Masculino,Puebla,Plata
293,36.0,55.0,73.0,10.0,,Femenino,Guadalajara,Oro
42,30.0,37.4,84.0,9.0,47.0,Femenino,Monterrey,Plata
1082,27.0,8.0,32.0,0.0,27.0,Masculino,Puebla,Plata
330,24.0,29.9,82.0,10.0,64.0,Femenino,Guadalajara,Bronce
615,47.0,80.8,30.0,0.0,7.0,Femenino,Monterrey,Oro
430,46.0,87.6,30.0,5.0,3.0,Masculino,Puebla,Plata
80,25.0,40.1,78.0,6.0,27.0,Masculino,Monterrey,Plata
694,53.0,58.5,66.0,8.0,6.0,Femenino,Monterrey,Bronce
29,29.0,38.3,74.0,12.0,31.0,Masculino,Puebla,Plata
708,56.0,55.3,35.0,6.0,28.0,Masculino,CDMX,Oro
1025,18.0,18.4,24.0,1.0,15.0,Femenino,Guadalajara,Bronce
1187,21.0,8.0,20.0,0.0,29.0,Masculino,CDMX,Bronce
255,26.0,25.3,68.0,10.0,32.0,Femenino,Guadalajara,Plata
161,21.0,23.4,80.0,12.0,42.0,Femenino,Guadalajara,Plata
459,42.0,92.4,25.0,4.0,26.0,Femenino,Guadalajara,Bronce
384,49.0,95.8,26.0,3.0,4.0,Masculino,Puebla,Plata
314,30.0,19.2,83.0,10.0,37.0,Masculino,Monterrey,Bronce
85,20.0,30.9,,7.0,39.0,Masculino,Monterrey,Oro
575,55.0,,11.0,4.0,18.0,Masculino,Guadalajara,Bronce
763,51.0,51.1,58.0,4.0,18.0,Masculino,Puebla,Plata
137,29.0,13.0,81.0,5.0,42.0,Femenino,CDMX,Oro
112,28.0,30.1,94.0,11.0,36.0,Femenino,Guadalajara,Plata
195,20.0,34.0,88.0,8.0,44.0,Masculino,CDMX,Bronce
853,53.0,55.5,47.0,3.0,20.0,Masculino,Guadalajara,Bronce
179,26.0,8.0,83.0,12.0,45.0,Masculino,Guadalajara,Bronce
556,47.0,106.1,22.0,1.0,18.0,Femenino,Guadalajara,Bronce
724,49.0,63.8,50.0,7.0,16.0,Femenino,Monterrey,Bronce
860,59.0,59.4,53.0,2.0,18.0,Masculino,Guadalajara,Bronce
497,45.0,94.5,21.0,4.0,20.0,Masculino,Guadalajara,Bronce
904,57.0,82.2,51.0,3.0,17.0,Masculino,CDMX,Bronce
806,53.0,55.6,54.0,6.0,11.0,Femenino,Puebla,Plata
130,21.0,43.0,88.0,10.0,29.0,Femenino,Puebla,Bronce
716,39.0,64.2,35.0,7.0,,Femenino,Monterrey,Plata
338,29.0,23.4,82.0,11.0,44.0,Masculino,Monterrey,Bronce
190,37.0,43.0,67.0,10.0,51.0,Femenino,Puebla,Bronce
609,46.0,113.0,33.0,4.0,17.0,Masculino,Guadalajara,Bronce
125,32.0,34.3,79.0,8.0,34.0,Masculino,CDMX,Plata
196,22.0,31.3,90.0,9.0,51.0,Masculino,Monterrey,Oro
227,42.0,20.9,81.0,7.0,44.0,Femenino,Monterrey,Oro
690,53.0,67.6,47.0,7.0,29.0,Femenino,Guadalajara,Bronce
269,27.0,22.5,75.0,11.0,50.0,Masculino,Puebla,Bronce
153,18.0,36.2,85.0,7.0,41.0,Femenino,Puebla,Plata
910,58.0,50.3,38.0,5.0,4.0,Masculino,Monterrey,Plata
585,37.0,66.4,24.0,2.0,12.0,Femenino,Puebla,Plata
951,55.0,45.4,65.0,9.0,4.0,Femenino,Guadalajara,Bronce
104,31.0,10.1,57.0,10.0,41.0,Femenino,Puebla,Bronce
594,43.0,94.6,30.0,5.0,17.0,Femenino,CDMX,Bronce
1121,18.0,21.0,25.0,1.0,28.0,Femenino,Puebla,Plata
787,57.0,62.7,49.0,7.0,14.0,Masculino,Guadalajara,Oro
1019,19.0,8.0,28.0,0.0,34.0,Masculino,Monterrey,Bronce
885,49.0,56.1,62.0,3.0,20.0,Masculino,Monterrey,Plata
777,56.0,69.2,70.0,6.0,0.0,Femenino,Puebla,Plata
949,50.0,56.9,48.0,6.0,34.0,Masculino,CDMX,Bronce
850,54.0,54.1,63.0,8.0,13.0,Femenino,CDMX,Oro
895,58.0,77.2,44.0,9.0,15.0,Masculino,Monterrey,Bronce
228,38.0,25.0,49.0,11.0,42.0,Masculino,CDMX,Bronce
1143,18.0,34.2,14.0,3.0,35.0,Femenino,Puebla,Bronce
302,18.0,,81.0,3.0,54.0,Femenino,CDMX,Bronce
855,64.0,42.3,61.0,3.0,17.0,Femenino,CDMX,Bronce
276,29.0,31.6,82.0,10.0,43.0,Masculino,Guadalajara,Bronce
127,36.0,25.6,100.0,8.0,33.0,Femenino,Monterrey,Plata
406,33.0,86.7,56.0,5.0,7.0,Femenino,Monterrey,Oro
776,55.0,49.7,54.0,5.0,31.0,Femenino,CDMX,Bronce
822,47.0,69.1,66.0,6.0,15.0,Masculino,Monterrey,Plata
712,58.0,63.1,79.0,4.0,13.0,Femenino,Guadalajara,Plata
766,48.0,57.2,52.0,5.0,20.0,Masculino,Guadalajara,Bronce
684,60.0,72.6,62.0,3.0,19.0,Masculino,Monterrey,Oro
750,52.0,76.2,46.0,6.0,14.0,Masculino,Monterrey,Bronce
1146,25.0,22.6,30.0,2.0,15.0,Femenino,Puebla,Bronce
37,26.0,44.1,69.0,11.0,59.0,Masculino,Puebla,Bronce
140,44.0,17.1,85.0,12.0,45.0,Masculino,Monterrey,Bronce
304,25.0,30.9,84.0,9.0,32.0,Femenino,Puebla,Bronce
268,29.0,51.4,81.0,8.0,44.0,Femenino,Monterrey,Plata
835,47.0,73.1,43.0,7.0,20.0,Masculino,CDMX,Bronce
534,55.0,105.9,32.0,0.0,10.0,Femenino,Puebla,Oro
546,43.0,99.4,40.0,4.0,,Masculino,CDMX,Plata
213,27.0,38.1,90.0,8.0,46.0,Masculino,Puebla,Bronce
897,61.0,66.9,69.0,4.0,12.0,Masculino,CDMX,Oro
469,42.0,102.3,39.0,4.0,0.0,Femenino,CDMX,Bronce
199,27.0,20.1,92.0,10.0,42.0,Masculino,,Oro
1049,21.0,21.2,25.0,2.0,35.0,Femenino,Monterrey,Plata
868,58.0,61.9,68.0,5.0,15.0,Femenino,Puebla,Plata
673,54.0,53.0,50.0,6.0,28.0,Masculino,Guadalajara,Plata
917,54.0,46.2,59.0,4.0,19.0,Masculino,,Bronce
528,44.0,92.4,34.0,6.0,5.0,Femenino,CDMX,Bronce
676,60.0,70.3,53.0,8.0,26.0,Femenino,Puebla,Bronce
1075,29.0,25.9,28.0,2.0,20.0,Masculino,Monterrey,Bronce
815,64.0,57.3,61.0,3.0,19.0,Masculino,CDMX,Bronce
242,26.0,28.1,79.0,8.0,34.0,Femenino,Guadalajara,Bronce
343,27.0,22.6,73.0,10.0,23.0,Masculino,Puebla,Plata
550,37.0,76.0,36.0,2.0,0.0,Femenino,Monterrey,Bronce
387,50.0,121.5,51.0,1.0,16.0,Masculino,Monterrey,Bronce
1125,18.0,8.0,37.0,0.0,20.0,Masculino,Puebla,Bronce
967,34.0,28.8,16.0,3.0,26.0,Masculino,Puebla,Bronce
207,22.0,33.1,76.0,6.0,41.0,Masculino,Monterrey,Plata
296,28.0,38.8,68.0,10.0,49.0,Femenino,CDMX,Bronce
696,53.0,44.5,57.0,6.0,21.0,Femenino,Puebla,Bronce
1092,18.0,16.9,38.0,0.0,44.0,Masculino,Guadalajara,Bronce
74,30.0,13.0,82.0,8.0,26.0,Femenino,Guadalajara,Bronce
606,39.0,,28.0,3.0,13.0,Masculino,,Plata
105,21.0,21.6,59.0,9.0,53.0,Femenino,Puebla,Bronce
996,18.0,,36.0,2.0,33.0,Masculino,Monterrey,Bronce
1026,23.0,8.2,18.0,2.0,34.0,Femenino,Puebla,Bronce
1193,30.0,10.6,10.0,4.0,32.0,Masculino,Guadalajara,Oro
17,29.0,32.5,86.0,12.0,60.0,Femenino,Monterrey,Plata
440,35.0,90.5,27.0,1.0,18.0,Femenino,CDMX,Bronce
92,26.0,,72.0,5.0,44.0,Femenino,Guadalajara,Bronce
89,30.0,48.4,75.0,8.0,25.0,Femenino,CDMX,Bronce
1059,24.0,11.0,22.0,2.0,39.0,Femenino,Puebla,Plata
909,50.0,70.4,54.0,8.0,10.0,Masculino,Puebla,Plata
451,51.0,103.7,38.0,6.0,20.0,Masculino,Monterrey,Plata
718,52.0,83.0,65.0,7.0,22.0,Femenino,CDMX,Plata
103,25.0,15.9,66.0,7.0,44.0,Masculino,Monterrey,Bronce
239,21.0,37.9,78.0,6.0,36.0,Femenino,Guadalajara,Plata
69,32.0,18.4,67.0,11.0,58.0,Femenino,Monterrey,Plata
943,55.0,63.9,41.0,6.0,11.0,Masculino,Puebla,Oro
247,20.0,44.2,75.0,10.0,38.0,Masculino,Guadalajara,Oro
939,58.0,44.4,34.0,7.0,17.0,Masculino,Monterrey,Plata
240,24.0,13.7,82.0,11.0,40.0,Masculino,Monterrey,Plata
158,33.0,26.7,76.0,10.0,44.0,Masculino,CDMX,Bronce
480,36.0,77.2,13.0,5.0,0.0,Masculino,Guadalajara,Oro
839,62.0,59.1,51.0,4.0,10.0,Femenino,CDMX,Bronce
646,50.0,87.6,31.0,2.0,18.0,Femenino,Puebla,Plata
6,19.0,52.8,93.0,8.0,44.0,Masculino,Monterrey,Bronce
1099,26.0,8.0,22.0,2.0,,Masculino,Monterrey,Bronce
872,47.0,56.3,61.0,5.0,14.0,Femenino,,Oro
966,18.0,34.5,29.0,0.0,31.0,Femenino,Guadalajara,Oro
19,32.0,54.3,62.0,11.0,56.0,Femenino,Guadalajara,Plata
1018,18.0,45.7,34.0,1.0,28.0,Femenino,Monterrey,Bronce
122,28.0,52.2,78.0,8.0,43.0,Femenino,Puebla,Bronce
947,49.0,48.2,59.0,8.0,7.0,Femenino,Puebla,Oro
662,67.0,89.0,62.0,1.0,27.0,Masculino,Guadalajara,Plata
1017,18.0,30.9,33.0,3.0,32.0,Femenino,Guadalajara,Oro
275,36.0,31.3,77.0,13.0,34.0,Femenino,Guadalajara,Plata
434,38.0,80.4,36.0,3.0,16.0,Femenino,CDMX,Bronce
812,59.0,52.4,54.0,3.0,26.0,Femenino,Monterrey,Oro
1151,18.0,28.4,22.0,4.0,12.0,Femenino,CDMX,Plata
312,30.0,38.3,80.0,12.0,37.0,Masculino,Guadalajara,Plata
1135,19.0,24.4,18.0,3.0,17.0,Femenino,CDMX,Plata
1147,24.0,18.6,33.0,4.0,37.0,Femenino,CDMX,Oro
781,55.0,60.6,57.0,4.0,9.0,Femenino,Guadalajara,Bronce
547,46.0,103.4,31.0,4.0,2.0,Masculino,Monterrey,Oro
182,28.0,25.1,79.0,9.0,42.0,Masculino,CDMX,Plata
185,30.0,32.0,72.0,9.0,44.0,Femenino,CDMX,Bronce
407,45.0,83.7,26.0,5.0,14.0,Femenino,Puebla,Bronce
720,56.0,60.1,47.0,4.0,8.0,Femenino,Guadalajara,Oro
1024,25.0,16.4,5.0,0.0,28.0,Femenino,,Bronce
607,49.0,92.9,46.0,6.0,3.0,Masculino,Guadalajara,Plata
693,44.0,52.2,59.0,3.0,32.0,Femenino,Monterrey,Bronce
521,46.0,66.5,34.0,0.0,10.0,Masculino,Monterrey,Bronce
866,65.0,28.5,63.0,8.0,23.0,Femenino,Puebla,Bronce
1004,18.0,15.4,17.0,0.0,39.0,Masculino,Puebla,Bronce
381,32.0,101.7,11.0,3.0,0.0,Femenino,CDMX,Bronce
428,49.0,353.2,43.0,7.0,13.0,Femenino,Guadalajara,Bronce
79,31.0,27.1,88.0,4.0,39.0,Femenino,Monterrey,Bronce
1010,22.0,42.4,31.0,2.0,22.0,Masculino,Monterrey,Plata
1199,18.0,12.7,33.0,3.0,32.0,Femenino,Guadalajara,Oro
608,48.0,86.7,25.0,4.0,0.0,Femenino,Monterrey,Oro
1077,18.0,10.2,29.0,3.0,26.0,Masculino,Puebla,Plata
1105,21.0,8.0,32.0,4.0,44.0,Masculino,CDMX,Plata
1065,35.0,8.0,,1.0,25.0,Femenino,Guadalajara,Plata
959,44.0,52.4,35.0,5.0,14.0,Femenino,Monterrey,Bronce
560,58.0,91.3,40.0,5.0,7.0,Masculino,CDMX,Oro
847,59.0,56.0,47.0,4.0,8.0,Femenino,Guadalajara,Oro
691,55.0,68.7,44.0,7.0,25.0,Masculino,Guadalajara,Oro
1180,27.0,20.9,17.0,4.0,19.0,Masculino,Guadalajara,Bronce
1133,28.0,11.4,43.0,1.0,28.0,Femenino,Monterrey,Bronce
437,49.0,100.8,10.0,4.0,10.0,Masculino,Guadalajara,Bronce
491,35.0,100.8,41.0,1.0,15.0,Masculino,Puebla,Bronce
322,26.0,42.5,88.0,8.0,36.0,Masculino,Puebla,Plata
1114,18.0,24.8,35.0,1.0,29.0,Femenino,Monterrey,Plata
70,26.0,39.7,76.0,11.0,43.0,Masculino,Monterrey,Plata
809,52.0,51.3,53.0,6.0,19.0,Femenino,Guadalajara,Oro
12,32.0,50.9,79.0,9.0,46.0,Femenino,CDMX,Plata
145,22.0,8.0,71.0,7.0,41.0,Masculino,Monterrey,Bronce
918,57.0,60.1,68.0,4.0,25.0,Masculino,Puebla,Plata
640,40.0,94.0,35.0,8.0,7.0,Femenino,Guadalajara,Plata
177,36.0,28.5,71.0,11.0,65.0,Femenino,Puebla,Bronce
995,18.0,32.9,25.0,2.0,22.0,Femenino,Guadalajara,Plata
441,49.0,120.5,48.0,6.0,6.0,Femenino,Puebla,Oro
522,41.0,85.6,30.0,4.0,14.0,Femenino,Guadalajara,Bronce
1005,22.0,26.5,25.0,0.0,28.0,Masculino,CDMX,Bronce
144,29.0,17.0,79.0,11.0,36.0,Femenino,Monterrey,Bronce
754,49.0,44.1,48.0,8.0,16.0,Masculino,CDMX,Bronce
520,41.0,101.6,45.0,1.0,4.0,Masculino,Puebla,Plata
823,47.0,63.6,48.0,4.0,23.0,Masculino,Guadalajara,Oro
429,43.0,86.1,37.0,5.0,27.0,Femenino,CDMX,Oro
613,52.0,94.6,,2.0,0.0,Masculino,Guadalajara,Bronce
1033,18.0,18.1,35.0,4.0,32.0,Femenino,Guadalajara,Plata
157,28.0,43.0,78.0,9.0,45.0,Masculino,Guadalajara,Plata
540,48.0,71.2,44.0,4.0,13.0,Femenino,CDMX,Bronce
462,51.0,92.9,32.0,5.0,6.0,Masculino,CDMX,Plata
577,45.0,91.5,30.0,6.0,0.0,Femenino,Guadalajara,Bronce
256,32.0,19.6,68.0,13.0,45.0,Femenino,Guadalajara,Oro
980,18.0,18.4,29.0,0.0,25.0,Femenino,Monterrey,Oro
1007,27.0,8.0,45.0,5.0,22.0,Femenino,Puebla,Oro
561,42.0,89.1,25.0,2.0,5.0,Femenino,CDMX,Bronce
209,22.0,41.6,76.0,13.0,41.0,Masculino,Guadalajara,Bronce
911,51.0,67.1,51.0,3.0,25.0,Femenino,CDMX,Bronce
2,21.0,39.6,89.0,9.0,45.0,Femenino,CDMX,Bronce
270,27.0,8.0,73.0,9.0,41.0,Masculino,CDMX,Bronce
266,33.0,28.6,84.0,14.0,57.0,Femenino,Guadalajara,Plata
915,61.0,61.1,48.0,6.0,32.0,Femenino,Puebla,Plata
231,18.0,20.3,61.0,7.0,41.0,Masculino,,Oro
684,60.0,72.6,62.0,3.0,19.0,Masculino,Monterrey,Oro
1198,18.0,,39.0,2.0,43.0,Masculino,CDMX,Bronce
865,56.0,71.8,51.0,5.0,24.0,Femenino,Puebla,Oro
1067,27.0,37.0,12.0,3.0,28.0,Femenino,Monterrey,Plata
874,61.0,57.1,60.0,3.0,11.0,Femenino,Guadalajara,Bronce
1086,29.0,9.6,37.0,0.0,42.0,Femenino,CDMX,Bronce
399,54.0,98.8,40.0,8.0,3.0,Masculino,Puebla,Oro
1165,23.0,30.7,33.0,2.0,45.0,Masculino,Guadalajara,Oro
46,28.0,31.8,60.0,8.0,36.0,Masculino,Guadalajara,Bronce
162,23.0,24.3,87.0,7.0,51.0,Masculino,Monterrey,Oro
992,18.0,17.4,15.0,2.0,30.0,Masculino,Monterrey,Plata
728,53.0,46.8,45.0,6.0,19.0,Femenino,Guadalajara,Bronce
630,44.0,104.5,23.0,3.0,3.0,Femenino,Guadalajara,Plata
289,25.0,37.0,86.0,11.0,43.0,Masculino,Guadalajara,Plata
1060,19.0,23.6,35.0,3.0,41.0,Femenino,Monterrey,Oro
1188,21.0,8.0,13.0,0.0,26.0,Femenino,CDMX,Bronce
576,46.0,99.4,23.0,7.0,14.0,Masculino,CDMX,Plata
851,48.0,54.3,78.0,5.0,27.0,Masculino,CDMX,Plata
912,48.0,51.1,70.0,5.0,20.0,Masculino,Guadalajara,Plata
1101,24.0,10.0,34.0,3.0,30.0,Masculino,Monterrey,Bronce
933,57.0,54.1,56.0,9.0,15.0,Masculino,Puebla,Plata
248,38.0,40.4,71.0,6.0,44.0,Masculino,Monterrey,Plata
477,41.0,95.1,30.0,0.0,5.0,Masculino,Guadalajara,Plata
86,30.0,17.3,89.0,7.0,51.0,Masculino,Monterrey,Plata
470,48.0,89.8,,0.0,3.0,Masculino,Monterrey,Plata
226,28.0,59.0,74.0,4.0,36.0,Masculino,Guadalajara,Plata
775,48.0,50.6,,5.0,14.0,Masculino,Puebla,Plata
332,31.0,32.1,76.0,13.0,43.0,Masculino,Monterrey,Bronce
234,34.0,15.2,66.0,10.0,46.0,Masculino,Puebla,Bronce
589,46.0,97.0,22.0,0.0,15.0,Masculino,CDMX,Bronce
476,27.0,95.2,24.0,2.0,16.0,Femenino,Guadalajara,Plata
600,47.0,105.1,24.0,1.0,1.0,Masculino,Puebla,Plata
422,38.0,,17.0,0.0,12.0,Masculino,Guadalajara,Plata
183,25.0,,77.0,11.0,48.0,Femenino,Guadalajara,Plata
989,30.0,9.9,39.0,3.0,24.0,Masculino,Guadalajara,Plata
1001,23.0,8.0,32.0,5.0,26.0,Masculino,Monterrey,Plata
50,27.0,19.4,95.0,5.0,43.0,Femenino,Guadalajara,Oro
1140,18.0,25.2,34.0,0.0,35.0,Femenino,Guadalajara,Plata
1030,23.0,25.3,25.0,0.0,26.0,Masculino,CDMX,Plata
530,50.0,,35.0,4.0,0.0,Masculino,Monterrey,Plata
487,42.0,96.8,29.0,7.0,10.0,Femenino,CDMX,Plata
498,38.0,93.9,14.0,3.0,19.0,Masculino,Monterrey,Bronce
107,21.0,31.5,78.0,8.0,28.0,Femenino,,Bronce
444,46.0,83.0,30.0,5.0,6.0,Masculino,Monterrey,Plata
647,44.0,75.7,12.0,3.0,0.0,Femenino,Guadalajara,Oro
1037,28.0,,6.0,2.0,37.0,Femenino,CDMX,Plata
727,55.0,60.1,45.0,3.0,0.0,Femenino,CDMX,Plata
191,37.0,39.6,70.0,12.0,32.0,Femenino,Monterrey,Oro
283,33.0,59.6,74.0,6.0,37.0,Femenino,Puebla,Oro
30,30.0,18.0,69.0,11.0,28.0,Femenino,CDMX,Plata
170,27.0,53.8,61.0,6.0,39.0,Masculino,Monterrey,Plata
1002,18.0,10.3,10.0,7.0,19.0,Masculino,Puebla,Plata
101,25.0,38.8,73.0,6.0,40.0,Masculino,CDMX,Plata
198,25.0,22.6,83.0,12.0,50.0,Femenino,Guadalajara,Plata
496,55.0,82.5,40.0,3.0,1.0,Masculino,Puebla,Oro
648,42.0,103.0,28.0,6.0,19.0,Femenino,Guadalajara,Bronce
988,21.0,28.7,22.0,4.0,23.0,Femenino,Guadalajara,Bronce
45,28.0,41.3,81.0,9.0,,Femenino,Guadalajara,Bronce
711,55.0,77.2,48.0,4.0,26.0,Femenino,Puebla,Plata
374,45.0,97.4,16.0,1.0,11.0,Femenino,Monterrey,Plata
679,62.0,64.2,57.0,8.0,16.0,Masculino,Puebla,Bronce
567,44.0,118.2,20.0,5.0,14.0,Masculino,Monterrey,Bronce
848,57.0,60.5,38.0,6.0,6.0,Femenino,Monterrey,Bronce
461,42.0,88.5,36.0,2.0,2.0,Femenino,Puebla,Plata
40,31.0,26.5,82.0,7.0,56.0,Femenino,Guadalajara,Bronce
435,39.0,99.0,21.0,2.0,20.0,Femenino,Puebla,Plata
974,22.0,9.2,49.0,2.0,39.0,Masculino,CDMX,Bronce
1008,26.0,9.2,17.0,0.0,29.0,Femenino,Puebla,Plata
457,36.0,92.8,29.0,4.0,21.0,Masculino,Puebla,Plata
261,26.0,29.7,83.0,7.0,33.0,Masculino,Guadalajara,Oro
36,34.0,36.7,89.0,9.0,41.0,Masculino,Puebla,Bronce
828,44.0,65.4,54.0,5.0,24.0,Femenino,CDMX,Plata
310,37.0,8.0,88.0,7.0,49.0,Femenino,Puebla,Bronce
277,22.0,32.7,86.0,8.0,37.0,Masculino,CDMX,Plata
637,45.0,101.1,46.0,1.0,18.0,Femenino,CDMX,Oro
655,46.0,84.4,44.0,2.0,5.0,Femenino,Monterrey,Oro
623,47.0,90.8,27.0,4.0,13.0,Femenino,Guadalajara,Plata
845,60.0,81.9,65.0,6.0,13.0,Femenino,Monterrey,Plata
394,47.0,98.9,31.0,2.0,13.0,Femenino,Guadalajara,Bronce
108,25.0,58.2,77.0,10.0,36.0,Masculino,Monterrey,Bronce
350,36.0,42.8,77.0,10.0,50.0,Femenino,Monterrey,Bronce
525,41.0,100.7,41.0,1.0,5.0,Masculino,CDMX,Plata
785,72.0,58.8,46.0,3.0,33.0,Femenino,Guadalajara,Bronce
48,28.0,45.0,72.0,9.0,31.0,Masculino,Puebla,Bronce
204,31.0,25.8,72.0,11.0,47.0,Femenino,CDMX,Bronce
22,23.0,50.7,90.0,10.0,36.0,Masculino,CDMX,Bronce
403,50.0,127.4,20.0,1.0,3.0,Femenino,Puebla,Plata
1108,24.0,18.0,26.0,2.0,23.0,Femenino,Puebla,Bronce
1155,25.0,10.5,28.0,0.0,28.0,Masculino,Guadalajara,Bronce
990,18.0,32.6,32.0,0.0,41.0,Masculino,Puebla,Bronce
742,57.0,66.7,52.0,0.0,24.0,Masculino,Puebla,Oro
1148,24.0,14.7,40.0,3.0,23.0,Femenino,Guadalajara,Bronce
34,22.0,40.5,98.0,9.0,24.0,Femenino,Monterrey,Bronce
788,58.0,67.6,61.0,6.0,24.0,Femenino,Monterrey,Plata
924,54.0,,42.0,4.0,31.0,Femenino,Monterrey,Plata
1044,20.0,17.0,22.0,3.0,34.0,Femenino,Guadalajara,Bronce
1181,18.0,24.3,20.0,4.0,24.0,Femenino,Puebla,Plata
580,48.0,91.8,47.0,5.0,18.0,Femenino,CDMX,Plata
482,51.0,85.8,48.0,4.0,11.0,Femenino,,Plata
932,60.0,47.7,61.0,3.0,0.0,Femenino,Monterrey,Bronce
357,28.0,16.2,91.0,8.0,39.0,Masculino,Guadalajara,Plata
760,52.0,45.3,42.0,5.0,33.0,Masculino,Guadalajara,Plata
93,24.0,58.4,81.0,9.0,50.0,Masculino,Puebla,Bronce
1176,19.0,,29.0,0.0,30.0,Femenino,Guadalajara,Plata
804,53.0,67.6,,4.0,18.0,Masculino,Guadalajara,Plata
746,58.0,63.2,49.0,8.0,22.0,Femenino,Monterrey,Bronce
280,29.0,41.3,86.0,8.0,31.0,Femenino,Puebla,Bronce
765,46.0,66.3,69.0,5.0,17.0,Masculino,Puebla,Plata
605,37.0,104.7,44.0,3.0,14.0,Femenino,Guadalajara,Oro
538,46.0,117.6,20.0,2.0,11.0,Femenino,Monterrey,Bronce
401,41.0,93.9,31.0,1.0,20.0,Femenino,Puebla,Plata
258,25.0,37.9,74.0,10.0,61.0,Masculino,Guadalajara,Plata
945,57.0,50.9,55.0,5.0,19.0,Masculino,Puebla,Bronce
1097,24.0,43.4,31.0,0.0,,Femenino,Puebla,Bronce
1162,20.0,9.6,20.0,4.0,19.0,Masculino,Guadalajara,Plata
495,37.0,83.9,28.0,4.0,6.0,Femenino,Puebla,Bronce
773,56.0,58.2,62.0,5.0,15.0,Masculino,Guadalajara,Bronce
551,47.0,100.4,22.0,1.0,0.0,Masculino,Monterrey,Plata
202,35.0,39.0,69.0,5.0,46.0,Masculino,CDMX,Plata
313,37.0,26.4,73.0,8.0,37.0,Femenino,Puebla,Plata
291,25.0,57.2,66.0,6.0,41.0,Femenino,Guadalajara,Bronce
764,61.0,50.6,77.0,4.0,22.0,Masculino,Guadalajara,Plata
1137,23.0,8.6,6.0,2.0,21.0,Masculino,Monterrey,Bronce
950,52.0,51.3,76.0,4.0,23.0,Masculino,CDMX,Plata
184,34.0,32.8,94.0,8.0,51.0,Masculino,CDMX,Bronce
1177,18.0,23.8,19.0,3.0,27.0,Masculino,Guadalajara,Bronce
1069,19.0,18.0,16.0,3.0,34.0,Masculino,Guadalajara,Bronce
1031,18.0,15.7,19.0,2.0,21.0,Masculino,Puebla,Plata
251,25.0,22.6,75.0,5.0,38.0,Femenino,Monterrey,Oro
824,47.0,67.1,49.0,4.0,12.0,Femenino,Puebla,Bronce
1100,18.0,10.0,13.0,2.0,34.0,Masculino,Monterrey,Oro
941,59.0,54.1,67.0,5.0,15.0,Femenino,Puebla,Bronce
392,45.0,123.1,40.0,0.0,15.0,Femenino,,Plata
1093,32.0,12.8,20.0,4.0,46.0,Femenino,CDMX,Plata
1192,27.0,31.3,25.0,3.0,37.0,Femenino,Monterrey,Bronce
905,53.0,61.0,69.0,5.0,16.0,Femenino,Guadalajara,Bronce
731,53.0,65.9,39.0,2.0,17.0,Femenino,Puebla,Bronce
555,46.0,109.0,14.0,2.0,9.0,Femenino,Puebla,Bronce
367,48.0,111.8,33.0,4.0,0.0,Masculino,CDMX,Plata
346,18.0,23.3,77.0,7.0,52.0,Femenino,Monterrey,Bronce
536,50.0,58.2,34.0,0.0,0.0,Masculino,CDMX,Bronce
665,74.0,60.8,39.0,8.0,,Masculino,Guadalajara,Plata
920,50.0,64.7,60.0,5.0,14.0,Femenino,Monterrey,Plata
212,19.0,34.2,82.0,8.0,52.0,Femenino,Puebla,Bronce
503,38.0,78.3,27.0,4.0,,Masculino,Puebla,Bronce
538,46.0,117.6,20.0,2.0,11.0,Femenino,Monterrey,Bronce
1007,27.0,8.0,45.0,5.0,22.0,Femenino,Puebla,Oro
176,28.0,42.6,88.0,8.0,46.0,Femenino,Guadalajara,Bronce
